config,run_id,file,group,kw_v2,faithfulness,context_recall,latency_sec,ingestion_success,timeout_rate,fallback_rate,p95_latency_sec
A_single_pipeline,1,(사)벤처기업협회_2024년 벤처확인종합관리시스템 기능 고도화 용역사업 .hwp,extreme,1.0,1.0,1.0,39.22612675697525,0.6052496133326537,0.3947503866673463,0.0773700464000815,42.80049572376276
B_rule_single_route,1,(사)벤처기업협회_2024년 벤처확인종합관리시스템 기능 고도화 용역사업 .hwp,extreme,0.0,1.0,1.0,41.72612675697525,0.5596858819259924,0.4403141180740075,0.0828376941688809,46.25049572376276
C_rule_multi_route,1,(사)벤처기업협회_2024년 벤처확인종합관리시스템 기능 고도화 용역사업 .hwp,extreme,0.0,1.0,0.0,41.72612675697525,0.5596858819259924,0.4403141180740075,0.0828376941688809,46.25049572376276
A_single_pipeline,1,(사)부산국제영화제_2024년 BIFF & ACFM 온라인서비스 재개발 및 행사지원시.hwp,central,0.0,1.0,0.0,28.0,0.8249137318359602,0.1750862681640398,0.0635103521796847,30.85975158693196
B_rule_single_route,1,(사)부산국제영화제_2024년 BIFF & ACFM 온라인서비스 재개발 및 행사지원시.hwp,central,0.0,1.0,0.0,30.5,0.796165712800213,0.203834287199787,0.0669601144639744,33.35975158693196
C_rule_multi_route,1,(사)부산국제영화제_2024년 BIFF & ACFM 온라인서비스 재개발 및 행사지원시.hwp,central,0.0,1.0,0.0,33.5,0.7572203403540398,0.2427796596459601,0.1516335591575152,36.35975158693196
A_single_pipeline,1,(사）한국대학스포츠협의회_KUSF 체육특기자 경기기록 관리시스템 개발.hwp,central,0.0,0.0,0.0,28.0,0.8249137318359602,0.1750862681640398,0.0910103521796847,30.85975158693196
B_rule_single_route,1,(사）한국대학스포츠협의회_KUSF 체육특기자 경기기록 관리시스템 개발.hwp,central,0.0,0.0,0.0,28.0,0.8249137318359602,0.1750862681640398,0.0910103521796847,33.35975158693196
C_rule_multi_route,1,(사）한국대학스포츠협의회_KUSF 체육특기자 경기기록 관리시스템 개발.hwp,central,0.0,0.0,0.0,28.0,0.8249137318359602,0.1750862681640398,0.0910103521796847,36.35975158693196
A_single_pipeline,1,(재)예술경영지원센터_통합 정보시스템 구축 사전 컨설팅.hwp,central,0.0,0.0,0.0,28.0,0.8249137318359602,0.1750862681640398,0.0635103521796847,30.85975158693196
B_rule_single_route,1,(재)예술경영지원센터_통합 정보시스템 구축 사전 컨설팅.hwp,central,0.0,1.0,0.0,30.5,0.796165712800213,0.203834287199787,0.0669601144639744,33.35975158693196
C_rule_multi_route,1,(재)예술경영지원센터_통합 정보시스템 구축 사전 컨설팅.hwp,central,0.0,1.0,0.0,33.5,0.7572203403540398,0.2427796596459601,0.1516335591575152,36.35975158693196
A_single_pipeline,1,2025 구미 아시아육상경기선수권대회 조직위원회_2025 구미아시아육상경.hwp,central,0.0,1.0,0.0,28.0,0.8249137318359602,0.1750862681640398,0.0635103521796847,30.85975158693196
B_rule_single_route,1,2025 구미 아시아육상경기선수권대회 조직위원회_2025 구미아시아육상경.hwp,central,0.0,1.0,0.0,30.5,0.796165712800213,0.203834287199787,0.0669601144639744,33.35975158693196
C_rule_multi_route,1,2025 구미 아시아육상경기선수권대회 조직위원회_2025 구미아시아육상경.hwp,central,0.0,1.0,0.0,33.5,0.7572203403540398,0.2427796596459601,0.1516335591575152,36.35975158693196
A_single_pipeline,1,BioIN_의료기기산업 종합정보시스템(정보관리기관) 기능개선 사업(2차).hwp,central,0.0,1.0,0.0,30.46828455787021,0.786368264852713,0.2136317351472869,0.0681358082176744,30.85975158693196
B_rule_single_route,1,BioIN_의료기기산업 종합정보시스템(정보관리기관) 기능개선 사업(2차).hwp,central,0.0,1.0,0.0,32.96828455787021,0.7531849499563699,0.2468150500436301,0.0721178060052356,33.35975158693196
C_rule_multi_route,1,BioIN_의료기기산업 종합정보시스템(정보관리기관) 기능개선 사업(2차).hwp,central,0.0,1.0,0.0,35.96828455787021,0.709028736274876,0.290971263725124,0.1574165516470148,36.35975158693196
A_single_pipeline,1,KOICA 전자조달_[긴급] [지문] [국제] 우즈베키스탄 열린 의정활동 상하원 .hwp,extreme,0.0,1.0,0.0,41.20051202289624,0.5572352217952496,0.4427647782047504,0.08313177338457,42.80049572376276
B_rule_single_route,1,KOICA 전자조달_[긴급] [지문] [국제] 우즈베키스탄 열린 의정활동 상하원 .hwp,extreme,0.0,1.0,0.0,44.70051202289624,0.4918629179062154,0.5081370820937846,0.0909764498512541,46.25049572376276
C_rule_multi_route,1,KOICA 전자조달_[긴급] [지문] [국제] 우즈베키스탄 열린 의정활동 상하원 .hwp,extreme,0.0,1.0,0.0,44.70051202289624,0.4918629179062154,0.5081370820937846,0.0909764498512541,46.25049572376276
A_single_pipeline,1,경기도 안양시_호계체육관 배드민턴장 및 탁구장 예약시스템 구축 용역.hwp,central,0.0,0.0,0.0,28.0,0.8249137318359602,0.1750862681640398,0.0635103521796847,30.85975158693196
B_rule_single_route,1,경기도 안양시_호계체육관 배드민턴장 및 탁구장 예약시스템 구축 용역.hwp,central,0.0,1.0,0.0,30.5,0.796165712800213,0.203834287199787,0.0669601144639744,33.35975158693196
C_rule_multi_route,1,경기도 안양시_호계체육관 배드민턴장 및 탁구장 예약시스템 구축 용역.hwp,central,0.0,1.0,0.0,33.5,0.7572203403540398,0.2427796596459601,0.1516335591575152,36.35975158693196
A_single_pipeline,1,경기도사회서비스원_2024년 통합사회정보시스템 운영지원.hwp,central,1.0,1.0,1.0,29.30507605881841,0.8052588274864677,0.1947411725135323,0.0658689407016238,30.85975158693196
B_rule_single_route,1,경기도사회서비스원_2024년 통합사회정보시스템 운영지원.hwp,central,1.0,1.0,1.0,31.80507605881841,0.7741670995841595,0.2258329004158404,0.0695999480499008,33.35975158693196
C_rule_multi_route,1,경기도사회서비스원_2024년 통합사회정보시스템 운영지원.hwp,central,1.0,1.0,1.0,34.80507605881841,0.7324311435749145,0.2675688564250856,0.1546082627710102,36.35975158693196
A_single_pipeline,1,경기도평택시_2024년도 평택시 버스정보시스템(BIS) 구축사업.hwp,central,0.0,1.0,0.0,31.0906626930442,0.7757265017912307,0.2242734982087693,0.0694128197850523,30.85975158693196
B_rule_single_route,1,경기도평택시_2024년도 평택시 버스정보시스템(BIS) 구축사업.hwp,central,0.0,1.0,0.0,33.590662693044194,0.7414337243893607,0.2585662756106393,0.0735279530732767,33.35975158693196
C_rule_multi_route,1,경기도평택시_2024년도 평택시 버스정보시스템(BIS) 구축사업.hwp,central,0.0,1.0,0.0,36.590662693044194,0.696023648599529,0.303976351400471,0.1589771621680565,36.35975158693196
A_single_pipeline,1,경상북도 봉화군_봉화군 재난통합관리시스템 고도화 사업(협상)(긴급).hwp,central,1.0,1.0,1.0,28.777692976768005,0.8133962050438888,0.1866037949561112,0.0648924553947333,30.85975158693196
B_rule_single_route,1,경상북도 봉화군_봉화군 재난통합관리시스템 고도화 사업(협상)(긴급).hwp,central,1.0,1.0,1.0,31.277692976768005,0.7832539705670287,0.2167460294329712,0.0685095235319565,33.35975158693196
C_rule_multi_route,1,경상북도 봉화군_봉화군 재난통합관리시스템 고도화 사업(협상)(긴급).hwp,central,1.0,1.0,1.0,34.277692976768,0.7426390788034385,0.2573609211965614,0.1533833105435873,36.35975158693196
A_single_pipeline,1,경희대학교_[입찰공고] 산학협력단 정보시스템 운영 용역업체 선정.hwp,central,0.0,1.0,0.0,28.0,0.8249137318359602,0.1750862681640398,0.0910103521796847,30.85975158693196
B_rule_single_route,1,경희대학교_[입찰공고] 산학협력단 정보시스템 운영 용역업체 선정.hwp,central,0.0,1.0,0.0,28.0,0.8249137318359602,0.1750862681640398,0.0910103521796847,33.35975158693196
C_rule_multi_route,1,경희대학교_[입찰공고] 산학협력단 정보시스템 운영 용역업체 선정.hwp,central,0.0,1.0,0.0,28.0,0.8249137318359602,0.1750862681640398,0.0910103521796847,36.35975158693196
A_single_pipeline,1,고양도시관리공사_관산근린공원 다목적구장 홈페이지 및 회원 통합운영.hwp,central,0.0,1.0,0.0,30.391160049436227,0.7876610426413672,0.2123389573586328,0.0679806748830359,30.85975158693196
B_rule_single_route,1,고양도시관리공사_관산근린공원 다목적구장 홈페이지 및 회원 통합운영.hwp,central,0.0,1.0,0.0,32.89116004943622,0.7546158731472511,0.2453841268527489,0.0719460952223298,33.35975158693196
C_rule_multi_route,1,고양도시관리공사_관산근린공원 다목적구장 홈페이지 및 회원 통합운영.hwp,central,0.0,1.0,0.0,35.89116004943622,0.7106172999383369,0.289382700061663,0.1572259240073995,36.35975158693196
A_single_pipeline,1,광주과학기술원_실시간통합연구비관리시스템(RCMS)  연계 모듈 변경 사업.hwp,central,1.0,1.0,1.0,28.0,0.8249137318359602,0.1750862681640398,0.0635103521796847,30.85975158693196
B_rule_single_route,1,광주과학기술원_실시간통합연구비관리시스템(RCMS)  연계 모듈 변경 사업.hwp,central,0.0,1.0,1.0,30.5,0.796165712800213,0.203834287199787,0.0669601144639744,33.35975158693196
C_rule_multi_route,1,광주과학기술원_실시간통합연구비관리시스템(RCMS)  연계 모듈 변경 사업.hwp,central,0.0,1.0,0.0,33.5,0.7572203403540398,0.2427796596459601,0.1516335591575152,36.35975158693196
A_single_pipeline,1,광주과학기술원_학사시스템 기능개선 사업.hwp,central,1.0,1.0,1.0,28.0,0.8249137318359602,0.1750862681640398,0.0635103521796847,30.85975158693196
B_rule_single_route,1,광주과학기술원_학사시스템 기능개선 사업.hwp,central,0.0,1.0,0.0,30.5,0.796165712800213,0.203834287199787,0.0669601144639744,33.35975158693196
C_rule_multi_route,1,광주과학기술원_학사시스템 기능개선 사업.hwp,central,0.0,1.0,0.0,33.5,0.7572203403540398,0.2427796596459601,0.1516335591575152,36.35975158693196
A_single_pipeline,1,국가과학기술지식정보서비스_통합정보시스템 고도화 용역.hwp,central,1.0,1.0,1.0,29.22300721471068,0.8065425835731901,0.1934574164268099,0.0657148899712171,30.85975158693196
B_rule_single_route,1,국가과학기술지식정보서비스_통합정보시스템 고도화 용역.hwp,central,1.0,1.0,1.0,31.72300721471068,0.7755986996765707,0.2244013003234293,0.0694281560388115,33.35975158693196
C_rule_multi_route,1,국가과학기술지식정보서비스_통합정보시스템 고도화 용역.hwp,central,1.0,1.0,1.0,34.72300721471067,0.7340364228759279,0.2659635771240721,0.1544156292548886,36.35975158693196
A_single_pipeline,1,국가철도공단_철도인프라 디지털트윈 정보화전략계획(ISP) 수립 용역(변.hwp,central,0.0,0.0,0.0,28.0,0.8249137318359602,0.1750862681640398,0.0635103521796847,30.85975158693196
B_rule_single_route,1,국가철도공단_철도인프라 디지털트윈 정보화전략계획(ISP) 수립 용역(변.hwp,central,0.0,1.0,0.0,30.5,0.796165712800213,0.203834287199787,0.0669601144639744,33.35975158693196
C_rule_multi_route,1,국가철도공단_철도인프라 디지털트윈 정보화전략계획(ISP) 수립 용역(변.hwp,central,0.0,1.0,0.0,33.5,0.7572203403540398,0.2427796596459601,0.1516335591575152,36.35975158693196
A_single_pipeline,1,국립인천해양박물관_국립인천해양박물관 해양자료관리시스템 구축 용.hwp,central,1.0,1.0,1.0,28.0,0.8249137318359602,0.1750862681640398,0.0910103521796847,30.85975158693196
B_rule_single_route,1,국립인천해양박물관_국립인천해양박물관 해양자료관리시스템 구축 용.hwp,central,1.0,1.0,1.0,28.0,0.8249137318359602,0.1750862681640398,0.0910103521796847,33.35975158693196
C_rule_multi_route,1,국립인천해양박물관_국립인천해양박물관 해양자료관리시스템 구축 용.hwp,central,1.0,1.0,1.0,28.0,0.8249137318359602,0.1750862681640398,0.0910103521796847,36.35975158693196
A_single_pipeline,1,국립중앙의료원_(긴급)「2024년도 차세대 응급의료 상황관리시스템 구축.hwp,extreme,0.25,1.0,0.0,37.46403758715391,0.6464786379204701,0.3535213620795299,0.0724225634495435,42.80049572376276
B_rule_single_route,1,국립중앙의료원_(긴급)「2024년도 차세대 응급의료 상황관리시스템 구축.hwp,extreme,0.25,1.0,0.5,39.96403758715391,0.6025487383596204,0.3974512616403796,0.0776941513968455,46.25049572376276
C_rule_multi_route,1,국립중앙의료원_(긴급)「2024년도 차세대 응급의료 상황관리시스템 구축.hwp,extreme,0.25,1.0,0.5,39.96403758715391,0.6025487383596204,0.3974512616403796,0.0776941513968455,46.25049572376276
A_single_pipeline,1,국민연금공단_2024년 이러닝시스템 운영 용역.hwp,central,0.3333333333333333,1.0,1.0,28.0,0.8249137318359602,0.1750862681640398,0.0910103521796847,30.85975158693196
B_rule_single_route,1,국민연금공단_2024년 이러닝시스템 운영 용역.hwp,central,0.3333333333333333,1.0,1.0,28.0,0.8249137318359602,0.1750862681640398,0.0910103521796847,33.35975158693196
C_rule_multi_route,1,국민연금공단_2024년 이러닝시스템 운영 용역.hwp,central,0.3333333333333333,1.0,1.0,28.0,0.8249137318359602,0.1750862681640398,0.0910103521796847,36.35975158693196
A_single_pipeline,1,국민연금공단_사업장 사회보험료 지원 고시 개정에 따른 정보시스템 보.hwp,central,1.0,1.0,1.0,28.0,0.8249137318359602,0.1750862681640398,0.0910103521796847,30.85975158693196
B_rule_single_route,1,국민연금공단_사업장 사회보험료 지원 고시 개정에 따른 정보시스템 보.hwp,central,1.0,1.0,1.0,28.0,0.8249137318359602,0.1750862681640398,0.0910103521796847,33.35975158693196
C_rule_multi_route,1,국민연금공단_사업장 사회보험료 지원 고시 개정에 따른 정보시스템 보.hwp,central,1.0,1.0,1.0,28.0,0.8249137318359602,0.1750862681640398,0.0910103521796847,36.35975158693196
A_single_pipeline,1,국방과학연구소_기록관리시스템 통합 활용 및 보안 환경 구축.hwp,central,0.15,1.0,1.0,28.0,0.8249137318359602,0.1750862681640398,0.0910103521796847,30.85975158693196
B_rule_single_route,1,국방과학연구소_기록관리시스템 통합 활용 및 보안 환경 구축.hwp,central,0.15,1.0,1.0,28.0,0.8249137318359602,0.1750862681640398,0.0910103521796847,33.35975158693196
C_rule_multi_route,1,국방과학연구소_기록관리시스템 통합 활용 및 보안 환경 구축.hwp,central,0.15,1.0,1.0,28.0,0.8249137318359602,0.1750862681640398,0.0910103521796847,36.35975158693196
A_single_pipeline,1,국방과학연구소_대용량 자료전송시스템 고도화.hwp,central,0.0,1.0,0.0,28.0,0.8249137318359602,0.1750862681640398,0.0910103521796847,30.85975158693196
B_rule_single_route,1,국방과학연구소_대용량 자료전송시스템 고도화.hwp,central,0.0,1.0,0.0,28.0,0.8249137318359602,0.1750862681640398,0.0910103521796847,33.35975158693196
C_rule_multi_route,1,국방과학연구소_대용량 자료전송시스템 고도화.hwp,central,0.0,1.0,0.0,28.0,0.8249137318359602,0.1750862681640398,0.0910103521796847,36.35975158693196
A_single_pipeline,1,그랜드코리아레저(주)_2024년도 GKL  그룹웨어 시스템 구축 용역.hwp,central,0.0,0.0,0.0,28.0,0.8249137318359602,0.1750862681640398,0.0910103521796847,30.85975158693196
B_rule_single_route,1,그랜드코리아레저(주)_2024년도 GKL  그룹웨어 시스템 구축 용역.hwp,central,0.0,0.0,0.0,28.0,0.8249137318359602,0.1750862681640398,0.0910103521796847,33.35975158693196
C_rule_multi_route,1,그랜드코리아레저(주)_2024년도 GKL  그룹웨어 시스템 구축 용역.hwp,central,0.0,0.0,0.0,28.0,0.8249137318359602,0.1750862681640398,0.0910103521796847,36.35975158693196
A_single_pipeline,1,나노종합기술원_스마트 팹 서비스 활용체계 구축관련 설비온라인 시스.hwp,central,0.0,0.75,0.0,28.67456210634836,0.8149564976407586,0.1850435023592414,0.0647052202831089,30.85975158693196
B_rule_single_route,1,나노종합기술원_스마트 팹 서비스 활용체계 구축관련 설비온라인 시스.hwp,central,0.0,1.0,0.0,31.17456210634836,0.7849996792784522,0.2150003207215478,0.0683000384865857,33.35975158693196
C_rule_multi_route,1,나노종합기술원_스마트 팹 서비스 활용체계 구축관련 설비온라인 시스.hwp,central,0.0,1.0,1.0,34.174562106348354,0.7446052432647059,0.2553947567352941,0.1531473708082353,36.35975158693196
A_single_pipeline,1,남서울대학교_[혁신-국고] 남서울대학교 스마트 정보시스템 활성화(학사.hwp,central,0.6666666666666666,1.0,1.0,28.496162308983667,0.8176317070178418,0.1823682929821581,0.0643841951578589,30.85975158693196
B_rule_single_route,1,남서울대학교_[혁신-국고] 남서울대학교 스마트 정보시스템 활성화(학사.hwp,central,0.0,1.0,0.0,30.996162308983667,0.7879953146955081,0.2120046853044919,0.067940562236539,33.35975158693196
C_rule_multi_route,1,남서울대학교_[혁신-국고] 남서울대학교 스마트 정보시스템 활성화(학사.hwp,central,0.0,1.0,0.0,33.99616230898367,0.7479830121041879,0.252016987895812,0.1527420385474974,36.35975158693196
A_single_pipeline,1,대검찰청_아태 사이버범죄 역량강화 허브(APC-HUB) 홈페이지 및 온라인 교.hwp,central,0.75,1.0,1.0,28.009487515229587,0.8247766603976215,0.1752233396023785,0.0635268007522854,30.85975158693196
B_rule_single_route,1,대검찰청_아태 사이버범죄 역량강화 허브(APC-HUB) 홈페이지 및 온라인 교.hwp,central,0.75,1.0,1.0,30.509487515229587,0.7960117005693775,0.2039882994306224,0.0669785959316746,33.35975158693196
C_rule_multi_route,1,대검찰청_아태 사이버범죄 역량강화 허브(APC-HUB) 홈페이지 및 온라인 교.hwp,central,0.75,1.0,1.0,33.50948751522959,0.7570458814979635,0.2429541185020365,0.1516544942202443,36.35975158693196
A_single_pipeline,1,대전대학교_대전대학교 2024학년도 다층적 융합 학습경험 플랫폼(MILE) 전.hwp,central,1.0,,,28.0,0.8249137318359602,0.1750862681640398,0.0910103521796847,30.85975158693196
B_rule_single_route,1,대전대학교_대전대학교 2024학년도 다층적 융합 학습경험 플랫폼(MILE) 전.hwp,central,1.0,,,28.0,0.8249137318359602,0.1750862681640398,0.0910103521796847,33.35975158693196
C_rule_multi_route,1,대전대학교_대전대학교 2024학년도 다층적 융합 학습경험 플랫폼(MILE) 전.hwp,central,1.0,,,28.0,0.8249137318359602,0.1750862681640398,0.0910103521796847,36.35975158693196
A_single_pipeline,1,대한상공회의소_기업 재생에너지 지원센터 홈페이지 개편 및 시스템 고.hwp,central,0.0,1.0,0.0,28.0,0.8249137318359602,0.1750862681640398,0.0910103521796847,30.85975158693196
B_rule_single_route,1,대한상공회의소_기업 재생에너지 지원센터 홈페이지 개편 및 시스템 고.hwp,central,0.0,1.0,0.0,28.0,0.8249137318359602,0.1750862681640398,0.0910103521796847,33.35975158693196
C_rule_multi_route,1,대한상공회의소_기업 재생에너지 지원센터 홈페이지 개편 및 시스템 고.hwp,central,0.0,1.0,0.0,28.0,0.8249137318359602,0.1750862681640398,0.0910103521796847,36.35975158693196
A_single_pipeline,1,"대한장애인체육회_2025년 전국장애인체육대회 전산 및 시스템, 홈페이지 .hwp",central,0.0,0.0,0.0,28.0,0.8249137318359602,0.1750862681640398,0.0910103521796847,30.85975158693196
B_rule_single_route,1,"대한장애인체육회_2025년 전국장애인체육대회 전산 및 시스템, 홈페이지 .hwp",central,0.0,0.0,0.0,28.0,0.8249137318359602,0.1750862681640398,0.0910103521796847,33.35975158693196
C_rule_multi_route,1,"대한장애인체육회_2025년 전국장애인체육대회 전산 및 시스템, 홈페이지 .hwp",central,0.0,0.0,0.0,28.0,0.8249137318359602,0.1750862681640398,0.0910103521796847,36.35975158693196
A_single_pipeline,1,대한적십자사 의료원_적십자병원 병원정보 재해복구시스템 구축 용역 .hwp,central,0.0,1.0,0.0,28.0,0.8249137318359602,0.1750862681640398,0.0910103521796847,30.85975158693196
B_rule_single_route,1,대한적십자사 의료원_적십자병원 병원정보 재해복구시스템 구축 용역 .hwp,central,0.0,0.75,0.0,28.0,0.8249137318359602,0.1750862681640398,0.0910103521796847,33.35975158693196
C_rule_multi_route,1,대한적십자사 의료원_적십자병원 병원정보 재해복구시스템 구축 용역 .hwp,central,0.0,1.0,0.0,28.0,0.8249137318359602,0.1750862681640398,0.0910103521796847,36.35975158693196
A_single_pipeline,1,문화체육관광부 국립민속박물관_2024년 국립민속박물관 민속아카이브 자.hwp,central,0.0,0.0,0.0,28.0,0.8249137318359602,0.1750862681640398,0.0910103521796847,30.85975158693196
B_rule_single_route,1,문화체육관광부 국립민속박물관_2024년 국립민속박물관 민속아카이브 자.hwp,central,0.0,0.0,0.0,28.0,0.8249137318359602,0.1750862681640398,0.0910103521796847,33.35975158693196
C_rule_multi_route,1,문화체육관광부 국립민속박물관_2024년 국립민속박물관 민속아카이브 자.hwp,central,0.0,0.0,0.0,28.0,0.8249137318359602,0.1750862681640398,0.0910103521796847,36.35975158693196
A_single_pipeline,1,부산관광공사_경영정보시스템 기능개선.hwp,central,1.0,1.0,1.0,30.87353679666792,0.7794813206968432,0.2205186793031568,0.0689622415163788,30.85975158693196
B_rule_single_route,1,부산관광공사_경영정보시스템 기능개선.hwp,central,0.0,1.0,0.3333333333333333,33.37353679666792,0.7455743711000974,0.2544256288999026,0.0730310754679883,33.35975158693196
C_rule_multi_route,1,부산관광공사_경영정보시스템 기능개선.hwp,central,0.0,1.0,0.3333333333333333,36.37353679666792,0.7005978356022846,0.2994021643977153,0.1584282597277258,36.35975158693196
A_single_pipeline,1,사단법인 보험개발원_실손보험 청구 전산화 시스템 구축 사업.hwp,central,0.0,0.0,0.0,28.0,0.8249137318359602,0.1750862681640398,0.0910103521796847,30.85975158693196
B_rule_single_route,1,사단법인 보험개발원_실손보험 청구 전산화 시스템 구축 사업.hwp,central,0.0,1.0,0.0,28.0,0.8249137318359602,0.1750862681640398,0.0910103521796847,33.35975158693196
C_rule_multi_route,1,사단법인 보험개발원_실손보험 청구 전산화 시스템 구축 사업.hwp,central,0.0,0.0,0.0,28.0,0.8249137318359602,0.1750862681640398,0.0910103521796847,36.35975158693196
A_single_pipeline,1,사단법인아시아물위원회사무국_우즈벡-키르기즈스탄 기후변화대응 스.hwp,central,0.0,1.0,0.0,28.0,0.8249137318359602,0.1750862681640398,0.0910103521796847,30.85975158693196
B_rule_single_route,1,사단법인아시아물위원회사무국_우즈벡-키르기즈스탄 기후변화대응 스.hwp,central,0.0,1.0,0.0,28.0,0.8249137318359602,0.1750862681640398,0.0910103521796847,33.35975158693196
C_rule_multi_route,1,사단법인아시아물위원회사무국_우즈벡-키르기즈스탄 기후변화대응 스.hwp,central,0.0,1.0,0.0,28.0,0.8249137318359602,0.1750862681640398,0.0910103521796847,36.35975158693196
A_single_pipeline,1,서민금융진흥원_서민금융진흥원 서민금융 채팅 상담시스템 구축.hwp,central,0.1,0.5,0.5,28.0,0.8249137318359602,0.1750862681640398,0.0910103521796847,30.85975158693196
B_rule_single_route,1,서민금융진흥원_서민금융진흥원 서민금융 채팅 상담시스템 구축.hwp,central,0.1,1.0,0.5,28.0,0.8249137318359602,0.1750862681640398,0.0910103521796847,33.35975158693196
C_rule_multi_route,1,서민금융진흥원_서민금융진흥원 서민금융 채팅 상담시스템 구축.hwp,central,0.1,1.0,0.0,28.0,0.8249137318359602,0.1750862681640398,0.0910103521796847,36.35975158693196
A_single_pipeline,1,서영대학교 산학협력단_전문대학 혁신지원사업 서영대학교 차세대 교육.hwp,central,0.0,1.0,0.0,28.0,0.8249137318359602,0.1750862681640398,0.0910103521796847,30.85975158693196
B_rule_single_route,1,서영대학교 산학협력단_전문대학 혁신지원사업 서영대학교 차세대 교육.hwp,central,0.0,1.0,0.0,28.0,0.8249137318359602,0.1750862681640398,0.0910103521796847,33.35975158693196
C_rule_multi_route,1,서영대학교 산학협력단_전문대학 혁신지원사업 서영대학교 차세대 교육.hwp,central,0.0,1.0,0.0,28.0,0.8249137318359602,0.1750862681640398,0.0910103521796847,36.35975158693196
A_single_pipeline,1,"서울특별시 여성가족재단_(재공고, 협상) 서울 디지털성범죄 안심지원센.hwp",extreme,0.0,0.0,0.0,35.96314717634211,0.6799811729525022,0.3200188270474978,0.0684022592456997,42.80049572376276
B_rule_single_route,1,"서울특별시 여성가족재단_(재공고, 협상) 서울 디지털성범죄 안심지원센.hwp",extreme,0.0,1.0,0.0,38.46314717634211,0.6378824838437112,0.3621175161562888,0.0734541019387546,46.25049572376276
C_rule_multi_route,1,"서울특별시 여성가족재단_(재공고, 협상) 서울 디지털성범죄 안심지원센.hwp",extreme,0.0,0.5,0.0,38.46314717634211,0.6378824838437112,0.3621175161562888,0.0734541019387546,46.25049572376276
A_single_pipeline,1,서울특별시교육청_서울특별시교육청 지능정보화전략계획(ISP) 수립(2차) .hwp,central,0.5,1.0,1.0,28.291025349128827,0.8206705988724708,0.1793294011275291,0.0640195281353035,30.85975158693196
B_rule_single_route,1,서울특별시교육청_서울특별시교육청 지능정보화전략계획(ISP) 수립(2차) .hwp,central,0.0,1.0,0.0,30.791025349128827,0.7914020600520834,0.2085979399479166,0.06753175279375,33.35975158693196
C_rule_multi_route,1,서울특별시교육청_서울특별시교육청 지능정보화전략계획(ISP) 수립(2차) .hwp,central,0.5,0.5,1.0,33.79102534912883,0.7518302286972641,0.2481697713027358,0.1522803725563283,36.35975158693196
A_single_pipeline,1,세종테크노파크_세종테크노파크 인사정보 전산시스템 구축 용역 입찰공.hwp,central,1.0,1.0,1.0,28.0,0.8249137318359602,0.1750862681640398,0.0910103521796847,30.85975158693196
B_rule_single_route,1,세종테크노파크_세종테크노파크 인사정보 전산시스템 구축 용역 입찰공.hwp,central,1.0,1.0,1.0,28.0,0.8249137318359602,0.1750862681640398,0.0910103521796847,33.35975158693196
C_rule_multi_route,1,세종테크노파크_세종테크노파크 인사정보 전산시스템 구축 용역 입찰공.hwp,central,1.0,1.0,1.0,28.0,0.8249137318359602,0.1750862681640398,0.0910103521796847,36.35975158693196
A_single_pipeline,1,수협중앙회_강릉어선안전조업국 상황관제시스템 구축.hwp,central,0.0,1.0,0.0,28.0,0.8249137318359602,0.1750862681640398,0.0635103521796847,30.85975158693196
B_rule_single_route,1,수협중앙회_강릉어선안전조업국 상황관제시스템 구축.hwp,central,0.0,1.0,0.0,30.5,0.796165712800213,0.203834287199787,0.0669601144639744,33.35975158693196
C_rule_multi_route,1,수협중앙회_강릉어선안전조업국 상황관제시스템 구축.hwp,central,0.0,1.0,0.0,33.5,0.7572203403540398,0.2427796596459601,0.1516335591575152,36.35975158693196
A_single_pipeline,1,수협중앙회_수협중앙회 수산물사이버직매장 시스템 재구축 ISMP 수립 입.hwp,central,0.0,0.5,1.0,28.0,0.8249137318359602,0.1750862681640398,0.0910103521796847,30.85975158693196
B_rule_single_route,1,수협중앙회_수협중앙회 수산물사이버직매장 시스템 재구축 ISMP 수립 입.hwp,central,0.0,1.0,1.0,28.0,0.8249137318359602,0.1750862681640398,0.0910103521796847,33.35975158693196
C_rule_multi_route,1,수협중앙회_수협중앙회 수산물사이버직매장 시스템 재구축 ISMP 수립 입.hwp,central,0.0,1.0,1.0,28.0,0.8249137318359602,0.1750862681640398,0.0910103521796847,36.35975158693196
A_single_pipeline,1,울산광역시_2024년 버스정보시스템 확대 구축 및 기능개선 용역.hwp,extreme,1.0,1.0,1.0,35.24568695394708,0.6953880375033469,0.3046119624966531,0.0665534354995983,42.80049572376276
B_rule_single_route,1,울산광역시_2024년 버스정보시스템 확대 구축 및 기능개선 용역.hwp,extreme,0.0,1.0,0.0,37.74568695394708,0.6542856795980702,0.3457143204019298,0.0714857184482315,46.25049572376276
C_rule_multi_route,1,울산광역시_2024년 버스정보시스템 확대 구축 및 기능개선 용역.hwp,extreme,0.0,0.0,0.0,37.74568695394708,0.6542856795980702,0.3457143204019298,0.0714857184482315,46.25049572376276
A_single_pipeline,1,을지대학교_을지대학교 비교과시스템 개발.hwp,central,0.0,1.0,0.0,29.92165678669986,0.7954074927317971,0.2045925072682028,0.0670511008721843,30.85975158693196
B_rule_single_route,1,을지대학교_을지대학교 비교과시스템 개발.hwp,central,0.0,1.0,0.0,32.421656786699856,0.7632054405623618,0.2367945594376381,0.0709153471325165,33.35975158693196
C_rule_multi_route,1,을지대학교_을지대학교 비교과시스템 개발.hwp,central,0.0,1.0,1.0,35.421656786699856,0.7201759050534524,0.2798240949465475,0.1560788913935857,36.35975158693196
A_single_pipeline,1,인천공항운영서비스(주)_인천공항운영서비스㈜ 차세대 ERP시스템 구축 .hwp,central,0.0,0.0,0.0,28.647316213935003,0.8153670197158156,0.1846329802841844,0.0646559576341021,30.85975158693196
B_rule_single_route,1,인천공항운영서비스(주)_인천공항운영서비스㈜ 차세대 ERP시스템 구축 .hwp,central,0.0,1.0,0.0,31.147316213935003,0.7854591652474,0.2145408347526,0.068244900170312,33.35975158693196
C_rule_multi_route,1,인천공항운영서비스(주)_인천공항운영서비스㈜ 차세대 ERP시스템 구축 .hwp,central,0.0,1.0,0.0,34.14731621393501,0.7451230283031907,0.2548769716968093,0.1530852366036171,36.35975158693196
A_single_pipeline,1,인천광역시 동구_수도국산달동네박물관 전시해설 시스템 구축(협상에 .hwp,central,1.0,1.0,1.0,29.769372249577337,0.7978745402760508,0.2021254597239492,0.0667550551668739,30.85975158693196
B_rule_single_route,1,인천광역시 동구_수도국산달동네박물관 전시해설 시스템 구축(협상에 .hwp,central,0.0,0.0,0.0,32.26937224957734,0.7659465309759101,0.2340534690240899,0.0705864162828907,33.35975158693196
C_rule_multi_route,1,인천광역시 동구_수도국산달동네박물관 전시해설 시스템 구축(협상에 .hwp,central,0.0,0.0,0.0,35.26937224957734,0.7232344679139824,0.2767655320860175,0.1557118638503221,36.35975158693196
A_single_pipeline,1,인천광역시_도시계획위원회 통합관리시스템 구축용역.hwp,central,0.0,0.0,0.0,28.513415968457508,0.8173742965260844,0.1826257034739156,0.0644150844168698,30.85975158693196
B_rule_single_route,1,인천광역시_도시계획위원회 통합관리시스템 구축용역.hwp,central,0.0,1.0,0.0,31.013415968457508,0.7877069340815224,0.2122930659184776,0.0679751679102173,33.35975158693196
C_rule_multi_route,1,인천광역시_도시계획위원회 통합관리시스템 구축용역.hwp,central,0.0,1.0,0.0,34.01341596845751,0.7476576338510491,0.2523423661489509,0.1527810839378741,36.35975158693196
A_single_pipeline,1,인천광역시_인천일자리플랫폼 정보시스템 구축 ISP 수립용역.hwp,central,1.0,1.0,1.0,28.917389517992543,0.8112665625460639,0.1887334374539361,0.0651480124944723,30.85975158693196
B_rule_single_route,1,인천광역시_인천일자리플랫폼 정보시스템 구축 ISP 수립용역.hwp,central,0.0,1.0,0.0,31.417389517992543,0.7808729989784581,0.2191270010215419,0.068795240122585,33.35975158693196
C_rule_multi_route,1,인천광역시_인천일자리플랫폼 정보시스템 구축 ISP 수립용역.hwp,central,0.0,1.0,0.0,34.41738951799254,0.7399600736684193,0.2600399263315806,0.1537047911597896,36.35975158693196
A_single_pipeline,1,재단법인 광주광역시 광주문화재단_2024년 광주문화예술통합플랫폼 시스.hwp,central,0.0,0.0,0.0,28.0,0.8249137318359602,0.1750862681640398,0.0635103521796847,30.85975158693196
B_rule_single_route,1,재단법인 광주광역시 광주문화재단_2024년 광주문화예술통합플랫폼 시스.hwp,central,0.4,1.0,1.0,30.5,0.796165712800213,0.203834287199787,0.0669601144639744,33.35975158693196
C_rule_multi_route,1,재단법인 광주광역시 광주문화재단_2024년 광주문화예술통합플랫폼 시스.hwp,central,0.4,1.0,1.0,33.5,0.7572203403540398,0.2427796596459601,0.1516335591575152,36.35975158693196
A_single_pipeline,1,재단법인 광주연구원_광주정책연구아카이브(GPA) 시스템 개발.hwp,central,0.0,0.0,0.0,30.32240020389503,0.7888087840898796,0.2111912159101203,0.0678429459092144,30.85975158693196
B_rule_single_route,1,재단법인 광주연구원_광주정책연구아카이브(GPA) 시스템 개발.hwp,central,0.0,0.0,0.0,32.82240020389503,0.7558868742197563,0.2441131257802437,0.0717935750936292,33.35975158693196
C_rule_multi_route,1,재단법인 광주연구원_광주정책연구아카이브(GPA) 시스템 개발.hwp,central,0.0,1.0,0.0,35.82240020389503,0.7120292295079,0.2879707704921,0.1570564924590519,36.35975158693196
A_single_pipeline,1,재단법인 한국장애인문화예술원_2024년 장애인문화예술정보시스템 이음.hwp,central,0.0,0.0,0.0,28.0,0.8249137318359602,0.1750862681640398,0.0635103521796847,30.85975158693196
B_rule_single_route,1,재단법인 한국장애인문화예술원_2024년 장애인문화예술정보시스템 이음.hwp,central,0.0,1.0,1.0,30.5,0.796165712800213,0.203834287199787,0.0669601144639744,33.35975158693196
C_rule_multi_route,1,재단법인 한국장애인문화예술원_2024년 장애인문화예술정보시스템 이음.hwp,central,0.0,1.0,1.0,33.5,0.7572203403540398,0.2427796596459601,0.1516335591575152,36.35975158693196
A_single_pipeline,1,재단법인경기도일자리재단_2025년 통합접수시스템 운영.hwp,extreme,1.0,1.0,1.0,35.87784849325809,0.6818344736532946,0.3181655263467053,0.0681798631616046,42.80049572376276
B_rule_single_route,1,재단법인경기도일자리재단_2025년 통합접수시스템 운영.hwp,extreme,0.0,1.0,1.0,38.37784849325809,0.6398504581475497,0.3601495418524503,0.073217945022294,46.25049572376276
C_rule_multi_route,1,재단법인경기도일자리재단_2025년 통합접수시스템 운영.hwp,extreme,0.0,1.0,1.0,38.37784849325809,0.6398504581475497,0.3601495418524503,0.073217945022294,46.25049572376276
A_single_pipeline,1,재단법인스포츠윤리센터_스포츠윤리센터 LMS(학습지원시스템) 기능개선.hwp,central,0.0,1.0,0.0,30.92687709604705,0.778563086578819,0.221436913421181,0.0690724296105417,30.85975158693196
B_rule_single_route,1,재단법인스포츠윤리센터_스포츠윤리센터 LMS(학습지원시스템) 기능개선.hwp,central,0.0,1.0,0.0,33.42687709604705,0.7445612170121212,0.2554387829878788,0.0731526539585454,33.35975158693196
C_rule_multi_route,1,재단법인스포츠윤리센터_스포츠윤리센터 LMS(학습지원시스템) 기능개선.hwp,central,0.0,1.0,0.0,36.42687709604705,0.699477770963198,0.300522229036802,0.1585626674844162,36.35975158693196
A_single_pipeline,1,재단법인충북연구원_GIS통계 기반 재난안전데이터 분석ㆍ관리 시스템 구.hwp,central,0.0,1.0,0.0,28.0,0.8249137318359602,0.1750862681640398,0.0635103521796847,30.85975158693196
B_rule_single_route,1,재단법인충북연구원_GIS통계 기반 재난안전데이터 분석ㆍ관리 시스템 구.hwp,central,0.0,1.0,0.0,30.5,0.796165712800213,0.203834287199787,0.0669601144639744,33.35975158693196
C_rule_multi_route,1,재단법인충북연구원_GIS통계 기반 재난안전데이터 분석ㆍ관리 시스템 구.hwp,central,0.0,0.5,0.0,33.5,0.7572203403540398,0.2427796596459601,0.1516335591575152,36.35975158693196
A_single_pipeline,1,전북대학교_JST 공유대학(원) xAPI기반 LRS시스템 구축.hwp,central,0.0,0.0,0.0,29.0517656976598,0.8092004761478292,0.1907995238521707,0.0653959428622605,30.85975158693196
B_rule_single_route,1,전북대학교_JST 공유대학(원) xAPI기반 LRS시스템 구축.hwp,central,0.0,1.0,0.0,31.5517656976598,0.778565007110095,0.221434992889905,0.0690721991467886,33.35975158693196
C_rule_multi_route,1,전북대학교_JST 공유대학(원) xAPI기반 LRS시스템 구축.hwp,central,0.0,0.5,1.0,34.55176569765979,0.737366093230009,0.262633906769991,0.1540160688123989,36.35975158693196
A_single_pipeline,1,전북특별자치도 정읍시_정읍체육트레이닝센터 통합운영관리시스템 구.hwp,extreme,0.0,1.0,0.0,34.60328792049184,0.7088223167693267,0.2911776832306733,0.0649413219876807,42.80049572376276
B_rule_single_route,1,전북특별자치도 정읍시_정읍체육트레이닝센터 통합운영관리시스템 구.hwp,extreme,0.0,0.0,0.0,37.10328792049184,0.668668981009083,0.331331018990917,0.06975972227891,46.25049572376276
C_rule_multi_route,1,전북특별자치도 정읍시_정읍체육트레이닝센터 통합운영관리시스템 구.hwp,extreme,0.0,1.0,0.0,37.10328792049184,0.668668981009083,0.331331018990917,0.06975972227891,46.25049572376276
A_single_pipeline,1,조선대학교_(재공고)2024 조선대학교 SW중심대학 사업관리시스템(WeHub) 구.hwp,central,0.0,1.0,0.0,28.0,0.8249137318359602,0.1750862681640398,0.0635103521796847,30.85975158693196
B_rule_single_route,1,조선대학교_(재공고)2024 조선대학교 SW중심대학 사업관리시스템(WeHub) 구.hwp,central,0.0,0.0,1.0,30.5,0.796165712800213,0.203834287199787,0.0669601144639744,33.35975158693196
C_rule_multi_route,1,조선대학교_(재공고)2024 조선대학교 SW중심대학 사업관리시스템(WeHub) 구.hwp,central,0.0,0.5,1.0,33.5,0.7572203403540398,0.2427796596459601,0.1516335591575152,36.35975158693196
A_single_pipeline,1,중앙선거관리위원회_2025년도 행정정보시스템 위탁운영사업.hwp,extreme,0.0,0.0,0.0,32.59239198676974,0.7485249583826576,0.2514750416173424,0.060177004994081,42.80049572376276
B_rule_single_route,1,중앙선거관리위원회_2025년도 행정정보시스템 위탁운영사업.hwp,extreme,0.0,1.0,0.0,35.09239198676974,0.7116191370880061,0.2883808629119939,0.0646057035494392,46.25049572376276
C_rule_multi_route,1,중앙선거관리위원회_2025년도 행정정보시스템 위탁운영사업.hwp,extreme,0.0,1.0,0.0,35.09239198676974,0.7116191370880061,0.2883808629119939,0.0646057035494392,46.25049572376276
A_single_pipeline,1,축산물품질평가원_꿀 품질평가 전산시스템 기능개선 사업.hwp,extreme,0.0,1.0,0.0,32.64558098498409,0.7475224305821375,0.2524775694178625,0.0602973083301435,42.80049572376276
B_rule_single_route,1,축산물품질평가원_꿀 품질평가 전산시스템 기능개선 사업.hwp,extreme,0.0,1.0,0.0,35.14558098498409,0.7105263791993052,0.2894736208006948,0.0647368344960833,46.25049572376276
C_rule_multi_route,1,축산물품질평가원_꿀 품질평가 전산시스템 기능개선 사업.hwp,extreme,0.0,1.0,0.0,35.14558098498409,0.7105263791993052,0.2894736208006948,0.0647368344960833,46.25049572376276
A_single_pipeline,1,축산물품질평가원_축산물이력관리시스템 개선(정보화 사업).hwp,central,0.0,1.0,0.0,30.61062003882716,0.7839673797588057,0.2160326202411942,0.0684239144289433,30.85975158693196
B_rule_single_route,1,축산물품질평가원_축산물이력관리시스템 개선(정보화 사업).hwp,central,0.0,1.0,0.0,33.11062003882716,0.750529445779714,0.249470554220286,0.0724364665064343,33.35975158693196
C_rule_multi_route,1,축산물품질평가원_축산물이력관리시스템 개선(정보화 사업).hwp,central,0.0,1.0,0.0,36.11062003882716,0.7060835429703866,0.2939164570296134,0.1577699748435536,36.35975158693196
A_single_pipeline,1,케빈랩 주식회사_평택시 강소형 스마트시티 AI 기반의 영상감시 시스템 .hwp,central,0.0,0.0,0.0,28.0,0.8249137318359602,0.1750862681640398,0.0910103521796847,30.85975158693196
B_rule_single_route,1,케빈랩 주식회사_평택시 강소형 스마트시티 AI 기반의 영상감시 시스템 .hwp,central,0.0,1.0,0.0,28.0,0.8249137318359602,0.1750862681640398,0.0910103521796847,33.35975158693196
C_rule_multi_route,1,케빈랩 주식회사_평택시 강소형 스마트시티 AI 기반의 영상감시 시스템 .hwp,central,0.0,1.0,0.0,28.0,0.8249137318359602,0.1750862681640398,0.0910103521796847,36.35975158693196
A_single_pipeline,1,파주도시관광공사_종량제봉투 판매관리 전산시스템 개선사업.hwp,extreme,0.0,0.5,0.0,32.07126621560542,0.7582068040621373,0.2417931959378627,0.0590151835125435,42.80049572376276
B_rule_single_route,1,파주도시관광공사_종량제봉투 판매관리 전산시스템 개선사업.hwp,extreme,0.0,0.6666666666666666,1.0,34.57126621560542,0.7221945228285238,0.2778054771714762,0.0633366572605771,46.25049572376276
C_rule_multi_route,1,파주도시관광공사_종량제봉투 판매관리 전산시스템 개선사업.hwp,extreme,0.0,0.6666666666666666,1.0,34.57126621560542,0.7221945228285238,0.2778054771714762,0.0633366572605771,46.25049572376276
A_single_pipeline,1,한국가스공사_[재공고]차세대 통합정보시스템(ERP) 구축.hwp,extreme,0.4444444444444444,1.0,1.0,34.389518557387056,0.7132145975946835,0.2867854024053164,0.0644142482886379,42.80049572376276
B_rule_single_route,1,한국가스공사_[재공고]차세대 통합정보시스템(ERP) 구축.hwp,extreme,0.4444444444444444,1.0,1.0,36.889518557387056,0.6733878635875171,0.3266121364124829,0.0691934563694979,46.25049572376276
C_rule_multi_route,1,한국가스공사_[재공고]차세대 통합정보시스템(ERP) 구축.hwp,extreme,0.4444444444444444,1.0,1.0,36.889518557387056,0.6733878635875171,0.3266121364124829,0.0691934563694979,46.25049572376276
A_single_pipeline,1,한국건강가정진흥원_2025년 아이돌봄인력 인적성 검사 정보시스템 운영.hwp,central,0.0,1.0,0.0,28.0,0.8249137318359602,0.1750862681640398,0.0910103521796847,30.85975158693196
B_rule_single_route,1,한국건강가정진흥원_2025년 아이돌봄인력 인적성 검사 정보시스템 운영.hwp,central,0.0,1.0,0.0,28.0,0.8249137318359602,0.1750862681640398,0.0910103521796847,33.35975158693196
C_rule_multi_route,1,한국건강가정진흥원_2025년 아이돌봄인력 인적성 검사 정보시스템 운영.hwp,central,0.0,1.0,0.0,28.0,0.8249137318359602,0.1750862681640398,0.0910103521796847,36.35975158693196
A_single_pipeline,1,한국교육과정평가원_국가교육과정정보센터(NCIC) 시스템 운영 및 개선.hwp,central,1.0,1.0,1.0,28.0,0.8249137318359602,0.1750862681640398,0.0910103521796847,30.85975158693196
B_rule_single_route,1,한국교육과정평가원_국가교육과정정보센터(NCIC) 시스템 운영 및 개선.hwp,central,1.0,1.0,1.0,28.0,0.8249137318359602,0.1750862681640398,0.0910103521796847,33.35975158693196
C_rule_multi_route,1,한국교육과정평가원_국가교육과정정보센터(NCIC) 시스템 운영 및 개선.hwp,central,1.0,1.0,1.0,28.0,0.8249137318359602,0.1750862681640398,0.0910103521796847,36.35975158693196
A_single_pipeline,1,한국농수산식품유통공사_농산물가격안정기금 정부예산회계연계시스템 .hwp,central,0.0,1.0,0.0,28.78647666367289,0.8132628470663551,0.1867371529336449,0.0649084583520374,30.85975158693196
B_rule_single_route,1,한국농수산식품유통공사_농산물가격안정기금 정부예산회계연계시스템 .hwp,central,0.0,1.0,0.0,31.28647666367289,0.7831048152838221,0.2168951847161778,0.0685274221659413,33.35975158693196
C_rule_multi_route,1,한국농수산식품유통공사_농산물가격안정기금 정부예산회계연계시스템 .hwp,central,0.0,1.0,0.0,34.286476663672886,0.7424711636890315,0.2575288363109684,0.1534034603573162,36.35975158693196
A_single_pipeline,1,한국농어촌공사_네팔 수자원관리 정보화사업-Pilot 시스템 구축용역.hwp,central,1.0,1.0,1.0,32.0669079911613,0.758286694070935,0.2417133059290649,0.0715055967114877,30.85975158693196
B_rule_single_route,1,한국농어촌공사_네팔 수자원관리 정보화사업-Pilot 시스템 구축용역.hwp,central,0.0,1.0,1.0,34.5669079911613,0.7222819532406988,0.2777180467593012,0.0758261656111161,33.35975158693196
C_rule_multi_route,1,한국농어촌공사_네팔 수자원관리 정보화사업-Pilot 시스템 구축용역.hwp,central,0.0,1.0,1.0,37.5669079911613,0.6749828210219146,0.3250171789780854,0.1615020614773702,36.35975158693196
A_single_pipeline,1,한국농어촌공사_아세안+3 식량안보정보시스템(AFSIS) 3단계 협력(캄보디아.hwp,central,1.0,,,28.0,0.8249137318359602,0.1750862681640398,0.0910103521796847,30.85975158693196
B_rule_single_route,1,한국농어촌공사_아세안+3 식량안보정보시스템(AFSIS) 3단계 협력(캄보디아.hwp,central,1.0,,,28.0,0.8249137318359602,0.1750862681640398,0.0910103521796847,33.35975158693196
C_rule_multi_route,1,한국농어촌공사_아세안+3 식량안보정보시스템(AFSIS) 3단계 협력(캄보디아.hwp,central,1.0,,,28.0,0.8249137318359602,0.1750862681640398,0.0910103521796847,36.35975158693196
A_single_pipeline,1,한국로봇산업진흥원_한국로봇산업진흥원 사업관리시스템 온라인평가 .hwp,central,0.0,1.0,0.0,28.0,0.8249137318359602,0.1750862681640398,0.0910103521796847,30.85975158693196
B_rule_single_route,1,한국로봇산업진흥원_한국로봇산업진흥원 사업관리시스템 온라인평가 .hwp,central,0.0,0.0,0.0,28.0,0.8249137318359602,0.1750862681640398,0.0910103521796847,33.35975158693196
C_rule_multi_route,1,한국로봇산업진흥원_한국로봇산업진흥원 사업관리시스템 온라인평가 .hwp,central,0.0,1.0,0.0,28.0,0.8249137318359602,0.1750862681640398,0.0910103521796847,36.35975158693196
A_single_pipeline,1,한국발명진흥회 입찰공고_2024년 건설기술에 관한 특허·실용신안 활용실.hwp,central,0.0,1.0,0.0,29.37351190617916,0.8041833942765523,0.1958166057234477,0.0659979926868137,30.85975158693196
B_rule_single_route,1,한국발명진흥회 입찰공고_2024년 건설기술에 관한 특허·실용신안 활용실.hwp,central,0.0,1.0,0.0,31.87351190617916,0.7729683747579863,0.2270316252420136,0.0697437950290416,33.35975158693196
C_rule_multi_route,1,한국발명진흥회 입찰공고_2024년 건설기술에 관한 특허·실용신안 활용실.hwp,central,0.0,1.0,0.0,34.873511906179154,0.731087835324294,0.268912164675706,0.1547694597610847,36.35975158693196
A_single_pipeline,1,한국보건산업진흥원_의료기기산업 종합정보시스템(정보관리기관) 기능.hwp,central,0.0,0.0,0.0,30.46828455787021,0.786368264852713,0.2136317351472869,0.0681358082176744,30.85975158693196
B_rule_single_route,1,한국보건산업진흥원_의료기기산업 종합정보시스템(정보관리기관) 기능.hwp,central,0.0,0.5,0.0,32.96828455787021,0.7531849499563699,0.2468150500436301,0.0721178060052356,33.35975158693196
C_rule_multi_route,1,한국보건산업진흥원_의료기기산업 종합정보시스템(정보관리기관) 기능.hwp,central,0.0,1.0,0.0,35.96828455787021,0.709028736274876,0.290971263725124,0.1574165516470148,36.35975158693196
A_single_pipeline,1,한국보육진흥원_연차별 자율 품질관리 시스템 기능개선.hwp,central,0.0,0.0,0.0,29.968356599946667,0.794646477587637,0.2053535224123631,0.0671424226894835,30.85975158693196
B_rule_single_route,1,한국보육진흥원_연차별 자율 품질관리 시스템 기능개선.hwp,central,0.0,1.0,1.0,32.46835659994667,0.7623604308926605,0.2376395691073395,0.0710167482928807,33.35975158693196
C_rule_multi_route,1,한국보육진흥원_연차별 자율 품질관리 시스템 기능개선.hwp,central,0.0,1.0,1.0,35.46835659994667,0.719233831466854,0.2807661685331459,0.1561919402239775,36.35975158693196
A_single_pipeline,1,한국사학진흥재단_대학재정정보시스템(기본재산 및 기채 사후관리) 고.hwp,extreme,0.0,1.0,0.0,35.62520258236133,0.6872899262633023,0.3127100737366977,0.0675252088484037,42.80049572376276
B_rule_single_route,1,한국사학진흥재단_대학재정정보시스템(기본재산 및 기채 사후관리) 고.hwp,extreme,0.0,1.0,0.0,38.12520258236133,0.6456516714469528,0.3543483285530472,0.0725217994263656,46.25049572376276
C_rule_multi_route,1,한국사학진흥재단_대학재정정보시스템(기본재산 및 기채 사후관리) 고.hwp,extreme,0.0,1.0,0.0,38.12520258236133,0.6456516714469528,0.3543483285530472,0.0725217994263656,46.25049572376276
A_single_pipeline,1,한국사회보장정보원_라오스 보건의료정보화 협력을 위한 사전타당성 조.hwp,central,1.0,1.0,1.0,28.0,0.8249137318359602,0.1750862681640398,0.0910103521796847,30.85975158693196
B_rule_single_route,1,한국사회보장정보원_라오스 보건의료정보화 협력을 위한 사전타당성 조.hwp,central,1.0,1.0,1.0,28.0,0.8249137318359602,0.1750862681640398,0.0910103521796847,33.35975158693196
C_rule_multi_route,1,한국사회보장정보원_라오스 보건의료정보화 협력을 위한 사전타당성 조.hwp,central,1.0,1.0,1.0,28.0,0.8249137318359602,0.1750862681640398,0.0910103521796847,36.35975158693196
A_single_pipeline,1,한국산업단지공단_산단 안전정보시스템 1차 구축 용역.hwp,extreme,0.875,1.0,1.0,33.26609765946424,0.7356324496853595,0.2643675503146405,0.0617241060377568,42.80049572376276
B_rule_single_route,1,한국산업단지공단_산단 안전정보시스템 1차 구축 용역.hwp,extreme,0.875,1.0,1.0,35.76609765946424,0.6975989464437391,0.3024010535562608,0.0662881264267512,46.25049572376276
C_rule_multi_route,1,한국산업단지공단_산단 안전정보시스템 1차 구축 용역.hwp,extreme,0.875,1.0,1.0,35.76609765946424,0.6975989464437391,0.3024010535562608,0.0662881264267512,46.25049572376276
A_single_pipeline,1,한국산업인력공단_RFID기반 국가자격 시험 결과물 스마트 관리시스템 도.hwp,central,0.5,1.0,1.0,28.0,0.8249137318359602,0.1750862681640398,0.0635103521796847,30.85975158693196
B_rule_single_route,1,한국산업인력공단_RFID기반 국가자격 시험 결과물 스마트 관리시스템 도.hwp,central,0.5,1.0,1.0,30.5,0.796165712800213,0.203834287199787,0.0669601144639744,33.35975158693196
C_rule_multi_route,1,한국산업인력공단_RFID기반 국가자격 시험 결과물 스마트 관리시스템 도.hwp,central,0.5,1.0,1.0,33.5,0.7572203403540398,0.2427796596459601,0.1516335591575152,36.35975158693196
A_single_pipeline,1,한국생산기술연구원_2세대 전자조달시스템  기반구축사업.hwp,central,0.0,0.0,0.0,29.75455127078645,0.7981134538057268,0.2018865461942732,0.0667263855433127,30.85975158693196
B_rule_single_route,1,한국생산기술연구원_2세대 전자조달시스템  기반구축사업.hwp,central,0.0,1.0,1.0,32.25455127078645,0.7662121255479059,0.2337878744520941,0.0705545449342513,33.35975158693196
C_rule_multi_route,1,한국생산기술연구원_2세대 전자조달시스템  기반구축사업.hwp,central,0.0,1.0,1.0,35.25455127078645,0.7235310358945006,0.2764689641054994,0.1556762756926599,36.35975158693196
A_single_pipeline,1,한국생산기술연구원_EIP3.0 고압가스 안전관리 시스템 구축 용역.hwp,extreme,0.0,1.0,0.0,34.31249520416454,0.7147874389077672,0.2852125610922328,0.0642255073310679,42.80049572376276
B_rule_single_route,1,한국생산기술연구원_EIP3.0 고압가스 안전관리 시스템 구축 용역.hwp,extreme,0.0,1.0,0.0,36.81249520416454,0.6750796217136252,0.3249203782863747,0.0689904453943649,46.25049572376276
C_rule_multi_route,1,한국생산기술연구원_EIP3.0 고압가스 안전관리 시스템 구축 용역.hwp,extreme,0.0,1.0,0.0,36.81249520416454,0.6750796217136252,0.3249203782863747,0.0689904453943649,46.25049572376276
A_single_pipeline,1,한국수자원공사_건설통합시스템(CMS) 고도화.hwp,central,1.0,1.0,1.0,28.726838848424705,0.814166853456914,0.185833146543086,0.0647999775851703,30.85975158693196
B_rule_single_route,1,한국수자원공사_건설통합시스템(CMS) 고도화.hwp,central,1.0,1.0,1.0,31.226838848424705,0.7841160631338543,0.2158839368661457,0.0684060724239374,33.35975158693196
C_rule_multi_route,1,한국수자원공사_건설통합시스템(CMS) 고도화.hwp,central,1.0,1.0,1.0,34.226838848424705,0.7436098349003509,0.256390165099649,0.1532668198119579,36.35975158693196
A_single_pipeline,1,한국수자원공사_수도사업장 통합 사고분석솔루션 시범구축 용역.hwp,central,0.0,1.0,0.0,28.0,0.8249137318359602,0.1750862681640398,0.0910103521796847,30.85975158693196
B_rule_single_route,1,한국수자원공사_수도사업장 통합 사고분석솔루션 시범구축 용역.hwp,central,0.0,1.0,0.0,28.0,0.8249137318359602,0.1750862681640398,0.0910103521796847,33.35975158693196
C_rule_multi_route,1,한국수자원공사_수도사업장 통합 사고분석솔루션 시범구축 용역.hwp,central,0.0,1.0,0.0,28.0,0.8249137318359602,0.1750862681640398,0.0910103521796847,36.35975158693196
A_single_pipeline,1,한국수자원공사_용인 첨단 시스템반도체 국가산단 용수공급사업 타당성.hwp,central,1.0,1.0,1.0,28.0,0.8249137318359602,0.1750862681640398,0.0910103521796847,30.85975158693196
B_rule_single_route,1,한국수자원공사_용인 첨단 시스템반도체 국가산단 용수공급사업 타당성.hwp,central,1.0,1.0,1.0,28.0,0.8249137318359602,0.1750862681640398,0.0910103521796847,33.35975158693196
C_rule_multi_route,1,한국수자원공사_용인 첨단 시스템반도체 국가산단 용수공급사업 타당성.hwp,central,1.0,0.75,1.0,28.0,0.8249137318359602,0.1750862681640398,0.0910103521796847,36.35975158693196
A_single_pipeline,1,한국수자원조사기술원_수문자료정보관리시스템(HDIMS) 재구축 용역(3단계.hwp,central,0.0,0.0,0.0,28.0,0.8249137318359602,0.1750862681640398,0.0910103521796847,30.85975158693196
B_rule_single_route,1,한국수자원조사기술원_수문자료정보관리시스템(HDIMS) 재구축 용역(3단계.hwp,central,0.0,0.0,0.0,28.0,0.8249137318359602,0.1750862681640398,0.0910103521796847,33.35975158693196
C_rule_multi_route,1,한국수자원조사기술원_수문자료정보관리시스템(HDIMS) 재구축 용역(3단계.hwp,central,0.0,0.0,0.0,28.0,0.8249137318359602,0.1750862681640398,0.0910103521796847,36.35975158693196
A_single_pipeline,1,한국수출입은행_(긴급) 모잠비크 마푸토 지능형교통시스템(ITS) 구축사업.hwp,central,0.125,1.0,1.0,28.796359304526725,0.8131127165025125,0.1868872834974875,0.0649264740196985,30.85975158693196
B_rule_single_route,1,한국수출입은행_(긴급) 모잠비크 마푸토 지능형교통시스템(ITS) 구축사업.hwp,central,0.125,0.25,0.5,31.296359304526725,0.7829369100216217,0.2170630899783783,0.0685475707974054,33.35975158693196
C_rule_multi_route,1,한국수출입은행_(긴급) 모잠비크 마푸토 지능형교통시스템(ITS) 구축사업.hwp,central,0.125,0.5,0.5,34.296359304526725,0.7422821546758975,0.2577178453241025,0.1534261414388923,36.35975158693196
A_single_pipeline,1,한국어촌어항공단_한국어촌어항공단 경영관리시스템(ERP·GW) 기능 고도.hwp,extreme,0.4444444444444444,1.0,1.0,32.18749238431406,0.7560696488432276,0.2439303511567724,0.0592716421388126,42.80049572376276
B_rule_single_route,1,한국어촌어항공단_한국어촌어항공단 경영관리시스템(ERP·GW) 기능 고도.hwp,extreme,0.0,1.0,0.5,34.68749238431406,0.7198566707812077,0.2801433292187922,0.063617199506255,46.25049572376276
C_rule_multi_route,1,한국어촌어항공단_한국어촌어항공단 경영관리시스템(ERP·GW) 기능 고도.hwp,extreme,0.0,1.0,0.5,34.68749238431406,0.7198566707812077,0.2801433292187922,0.063617199506255,46.25049572376276
A_single_pipeline,1,한국연구재단_2024년 기초학문자료센터 시스템 운영 및 연구성과물 DB구.hwp,central,0.0,1.0,0.0,28.915926075403608,0.8112889687524784,0.1887110312475216,0.0651453237497026,30.85975158693196
B_rule_single_route,1,한국연구재단_2024년 기초학문자료센터 시스템 운영 및 연구성과물 DB구.hwp,central,0.0,1.0,0.0,31.415926075403608,0.7808980389677616,0.2191019610322384,0.0687922353238686,33.35975158693196
C_rule_multi_route,1,한국연구재단_2024년 기초학문자료센터 시스템 운영 및 연구성과물 DB구.hwp,central,0.0,1.0,0.0,34.41592607540361,0.7399882321193477,0.2600117678806523,0.1537014121456782,36.35975158693196
A_single_pipeline,1,한국연구재단_2024년 대학산학협력활동 실태조사 시스템(UICC) 기능개선.hwp,extreme,0.0,0.0,0.0,32.66622384552162,0.7471326333811429,0.2528673666188571,0.0603440839942628,42.80049572376276
B_rule_single_route,1,한국연구재단_2024년 대학산학협력활동 실태조사 시스템(UICC) 기능개선.hwp,extreme,0.0,1.0,1.0,35.16622384552162,0.7101016151977046,0.2898983848022954,0.0647878061762754,46.25049572376276
C_rule_multi_route,1,한국연구재단_2024년 대학산학협력활동 실태조사 시스템(UICC) 기능개선.hwp,extreme,0.0,1.0,1.0,35.16622384552162,0.7101016151977046,0.2898983848022954,0.0647878061762754,46.25049572376276
A_single_pipeline,1,한국원자력연구원_한국원자력연구원 선량평가시스템 고도화.hwp,central,0.0,0.0,0.0,28.0,0.8249137318359602,0.1750862681640398,0.0635103521796847,30.85975158693196
B_rule_single_route,1,한국원자력연구원_한국원자력연구원 선량평가시스템 고도화.hwp,central,0.0,1.0,1.0,30.5,0.796165712800213,0.203834287199787,0.0669601144639744,33.35975158693196
C_rule_multi_route,1,한국원자력연구원_한국원자력연구원 선량평가시스템 고도화.hwp,central,0.0,1.0,1.0,33.5,0.7572203403540398,0.2427796596459601,0.1516335591575152,36.35975158693196
A_single_pipeline,1,한국재정정보원_e나라도움 업무시스템 웹 접근성 컨설팅.hwp,central,0.0,1.0,0.0,28.0,0.8249137318359602,0.1750862681640398,0.0635103521796847,30.85975158693196
B_rule_single_route,1,한국재정정보원_e나라도움 업무시스템 웹 접근성 컨설팅.hwp,central,0.0,1.0,0.0,30.5,0.796165712800213,0.203834287199787,0.0669601144639744,33.35975158693196
C_rule_multi_route,1,한국재정정보원_e나라도움 업무시스템 웹 접근성 컨설팅.hwp,central,0.0,0.6666666666666666,0.0,33.5,0.7572203403540398,0.2427796596459601,0.1516335591575152,36.35975158693196
A_single_pipeline,1,한국전기안전공사_전기안전 관제시스템 보안 모듈 개발 용역.hwp,central,0.0,1.0,0.0,28.0,0.8249137318359602,0.1750862681640398,0.0910103521796847,30.85975158693196
B_rule_single_route,1,한국전기안전공사_전기안전 관제시스템 보안 모듈 개발 용역.hwp,central,0.0,1.0,0.0,28.0,0.8249137318359602,0.1750862681640398,0.0910103521796847,33.35975158693196
C_rule_multi_route,1,한국전기안전공사_전기안전 관제시스템 보안 모듈 개발 용역.hwp,central,0.0,1.0,0.0,28.0,0.8249137318359602,0.1750862681640398,0.0910103521796847,36.35975158693196
A_single_pipeline,1,한국지식재산보호원_IP-NAVI  해외지식재산센터 사업관리 시스템 기능개.hwp,central,1.0,1.0,1.0,28.0,0.8249137318359602,0.1750862681640398,0.0635103521796847,30.85975158693196
B_rule_single_route,1,한국지식재산보호원_IP-NAVI  해외지식재산센터 사업관리 시스템 기능개.hwp,central,0.0,1.0,0.0,30.5,0.796165712800213,0.203834287199787,0.0669601144639744,33.35975158693196
C_rule_multi_route,1,한국지식재산보호원_IP-NAVI  해외지식재산센터 사업관리 시스템 기능개.hwp,central,1.0,1.0,1.0,33.5,0.7572203403540398,0.2427796596459601,0.1516335591575152,36.35975158693196
A_single_pipeline,1,한국철도공사 (용역)_[재공고][긴급][협상형]운행정보기록 자동분석시스.hwp,extreme,1.0,1.0,1.0,35.31331077591361,0.6939537162516609,0.3060462837483391,0.0667255540498006,42.80049572376276
B_rule_single_route,1,한국철도공사 (용역)_[재공고][긴급][협상형]운행정보기록 자동분석시스.hwp,extreme,0.0,1.0,0.5,37.81331077591361,0.6527544645335575,0.3472455354664426,0.0716694642559731,46.25049572376276
C_rule_multi_route,1,한국철도공사 (용역)_[재공고][긴급][협상형]운행정보기록 자동분석시스.hwp,extreme,0.0,1.0,0.5,37.81331077591361,0.6527544645335575,0.3472455354664426,0.0716694642559731,46.25049572376276
A_single_pipeline,1,한국철도공사 (용역)_모바일오피스 시스템 고도화 용역(총체 및 1차).hwp,central,0.0,0.0,0.0,28.0,0.8249137318359602,0.1750862681640398,0.0910103521796847,30.85975158693196
B_rule_single_route,1,한국철도공사 (용역)_모바일오피스 시스템 고도화 용역(총체 및 1차).hwp,central,0.0,1.0,0.0,28.0,0.8249137318359602,0.1750862681640398,0.0910103521796847,33.35975158693196
C_rule_multi_route,1,한국철도공사 (용역)_모바일오피스 시스템 고도화 용역(총체 및 1차).hwp,central,0.0,0.0,0.0,28.0,0.8249137318359602,0.1750862681640398,0.0910103521796847,36.35975158693196
A_single_pipeline,1,한국철도공사 (용역)_예약발매시스템 개량 ISMP 용역.hwp,central,0.0,0.0,0.0,30.859026049577427,0.7797306450494806,0.2202693549505193,0.0689323225940623,30.85975158693196
B_rule_single_route,1,한국철도공사 (용역)_예약발매시스템 개량 ISMP 용역.hwp,central,0.0,0.6,0.0,33.35902604957743,0.7458495320451086,0.2541504679548913,0.0729980561545869,33.35975158693196
C_rule_multi_route,1,한국철도공사 (용역)_예약발매시스템 개량 ISMP 용역.hwp,central,0.0,0.3333333333333333,0.0,36.35902604957743,0.7009021251441738,0.2990978748558261,0.1583917449826991,36.35975158693196
A_single_pipeline,1,한국한의학연구원_통합정보시스템 고도화 용역.hwp,central,0.0,1.0,0.0,29.22300721471068,0.8065425835731901,0.1934574164268099,0.0657148899712171,30.85975158693196
B_rule_single_route,1,한국한의학연구원_통합정보시스템 고도화 용역.hwp,central,0.0,1.0,1.0,31.72300721471068,0.7755986996765707,0.2244013003234293,0.0694281560388115,33.35975158693196
C_rule_multi_route,1,한국한의학연구원_통합정보시스템 고도화 용역.hwp,central,0.0,1.0,1.0,34.72300721471067,0.7340364228759279,0.2659635771240721,0.1544156292548886,36.35975158693196
A_single_pipeline,1,한국해양조사협회_2024년 항해용 간행물 품질관리 업무보조 시스템 구축.hwp,central,0.0,0.0,0.0,28.0,0.8249137318359602,0.1750862681640398,0.0910103521796847,30.85975158693196
B_rule_single_route,1,한국해양조사협회_2024년 항해용 간행물 품질관리 업무보조 시스템 구축.hwp,central,0.0,1.0,0.0,28.0,0.8249137318359602,0.1750862681640398,0.0910103521796847,33.35975158693196
C_rule_multi_route,1,한국해양조사협회_2024년 항해용 간행물 품질관리 업무보조 시스템 구축.hwp,central,0.0,0.0,0.0,28.0,0.8249137318359602,0.1750862681640398,0.0910103521796847,36.35975158693196
A_single_pipeline,1,한영대학_한영대학교 특성화 맞춤형 교육환경 구축 - 트랙운영 학사정보.hwp,central,0.0,0.0,0.0,28.0,0.8249137318359602,0.1750862681640398,0.0635103521796847,30.85975158693196
B_rule_single_route,1,한영대학_한영대학교 특성화 맞춤형 교육환경 구축 - 트랙운영 학사정보.hwp,central,0.0,1.0,1.0,30.5,0.796165712800213,0.203834287199787,0.0669601144639744,33.35975158693196
C_rule_multi_route,1,한영대학_한영대학교 특성화 맞춤형 교육환경 구축 - 트랙운영 학사정보.hwp,central,0.0,1.0,1.0,33.5,0.7572203403540398,0.2427796596459601,0.1516335591575152,36.35975158693196
A_single_pipeline,1,고려대학교_차세대 포털·학사 정보시스템 구축사업.pdf,extreme,0.0,0.3333333333333333,0.0,73.20018604022619,0.15,0.85,0.127,42.80049572376276
B_rule_single_route,1,고려대학교_차세대 포털·학사 정보시스템 구축사업.pdf,extreme,0.0,1.0,0.0,75.70018604022619,0.15,0.85,0.127,46.25049572376276
C_rule_multi_route,1,고려대학교_차세대 포털·학사 정보시스템 구축사업.pdf,extreme,0.0,1.0,0.0,75.70018604022619,0.15,0.85,0.127,46.25049572376276
A_single_pipeline,1,기초과학연구원_2025년도 중이온가속기용 극저온시스템 운전 용역.pdf,central,0.0,1.0,0.0,28.0,0.8249137318359602,0.1750862681640398,0.0585103521796847,30.85975158693196
B_rule_single_route,1,기초과학연구원_2025년도 중이온가속기용 극저온시스템 운전 용역.pdf,central,0.0,1.0,0.0,31.5,0.7837237376544266,0.2162762623455734,0.0634531514814688,33.35975158693196
C_rule_multi_route,1,기초과학연구원_2025년도 중이온가속기용 극저온시스템 운전 용역.pdf,central,0.0,1.0,0.0,34.5,0.7431680086124812,0.2568319913875188,0.1483198389665022,36.35975158693196
A_single_pipeline,1,서울시립대학교_[사전공개] 학업성취도 다차원 종단분석 통합시스템 1차.pdf,extreme,0.0,1.0,0.0,37.19269420541487,0.6526551004064614,0.3473448995935386,0.0666813879512246,42.80049572376276
B_rule_single_route,1,서울시립대학교_[사전공개] 학업성취도 다차원 종단분석 통합시스템 1차.pdf,extreme,0.0,1.0,0.0,39.69269420541487,0.6090285433644418,0.3909714566355582,0.071916574796267,46.25049572376276
C_rule_multi_route,1,서울시립대학교_[사전공개] 학업성취도 다차원 종단분석 통합시스템 1차.pdf,extreme,0.0,1.0,0.0,39.69269420541487,0.6090285433644418,0.3909714566355582,0.071916574796267,46.25049572376276
A_single_pipeline,1,서울특별시_2024년 지도정보 플랫폼 및 전문활용 연계 시스템 고도화 용.pdf,extreme,0.0,0.0,0.0,38.43559758926413,0.6239716138462368,0.3760283861537632,0.0701234063384516,42.80049572376276
B_rule_single_route,1,서울특별시_2024년 지도정보 플랫폼 및 전문활용 연계 시스템 고도화 용.pdf,extreme,0.0,1.0,0.0,40.93559758926413,0.5790659590883027,0.4209340409116973,0.0755120849094036,46.25049572376276
C_rule_multi_route,1,서울특별시_2024년 지도정보 플랫폼 및 전문활용 연계 시스템 고도화 용.pdf,extreme,0.0,1.0,0.0,40.93559758926413,0.5790659590883027,0.4209340409116973,0.0755120849094036,46.25049572376276
