config,file,group,route,route_mode,effective_route,effective_mode,confidence,difficulty_score,latency_sec,ingestion_success,timeout_rate,fallback_rate,p95_latency_sec
A_single_pipeline,(사)벤처기업협회_2024년 벤처확인종합관리시스템 기능 고도화 용역사업 .hwp,extreme,table_aware,single,text_only,single,0.8,1.2473474174416945,39.22612675697525,0.6052496133326537,0.3947503866673463,0.07737004640008155,42.80049572376276
B_rule_single_route,(사)벤처기업협회_2024년 벤처확인종합관리시스템 기능 고도화 용역사업 .hwp,extreme,table_aware,single,table_aware,single,0.8,1.2473474174416945,41.72612675697525,0.5596858819259924,0.4403141180740075,0.0828376941688809,46.25049572376276
C_rule_multi_route,(사)벤처기업협회_2024년 벤처확인종합관리시스템 기능 고도화 용역사업 .hwp,extreme,table_aware,single,table_aware,single,0.8,1.2473474174416945,41.72612675697525,0.5596858819259924,0.4403141180740075,0.0828376941688809,46.25049572376276
A_single_pipeline,(사)부산국제영화제_2024년 BIFF & ACFM 온라인서비스 재개발 및 행사지원시.hwp,central,text+table,multi,text_only,single,0.55,-0.07439379420685444,28.0,0.8249137318359602,0.17508626816403985,0.06351035217968479,30.859751586931953
B_rule_single_route,(사)부산국제영화제_2024년 BIFF & ACFM 온라인서비스 재개발 및 행사지원시.hwp,central,text+table,multi,table_aware,single,0.55,-0.07439379420685444,30.5,0.796165712800213,0.203834287199787,0.06696011446397443,33.35975158693196
C_rule_multi_route,(사)부산국제영화제_2024년 BIFF & ACFM 온라인서비스 재개발 및 행사지원시.hwp,central,text+table,multi,text+table,multi,0.55,-0.07439379420685444,33.5,0.7572203403540398,0.2427796596459601,0.15163355915751522,36.35975158693196
A_single_pipeline,(사）한국대학스포츠협의회_KUSF 체육특기자 경기기록 관리시스템 개발.hwp,central,text_only,single,text_only,single,0.0,-1.0136675305728793,28.0,0.8249137318359602,0.17508626816403985,0.09101035217968478,30.859751586931953
B_rule_single_route,(사）한국대학스포츠협의회_KUSF 체육특기자 경기기록 관리시스템 개발.hwp,central,text_only,single,text_only,single,0.0,-1.0136675305728793,28.0,0.8249137318359602,0.17508626816403985,0.09101035217968478,33.35975158693196
C_rule_multi_route,(사）한국대학스포츠협의회_KUSF 체육특기자 경기기록 관리시스템 개발.hwp,central,text_only,single,text_only,single,0.0,-1.0136675305728793,28.0,0.8249137318359602,0.17508626816403985,0.09101035217968478,36.35975158693196
A_single_pipeline,(재)예술경영지원센터_통합 정보시스템 구축 사전 컨설팅.hwp,central,text+table,multi,text_only,single,0.55,-0.2432596172005888,28.0,0.8249137318359602,0.17508626816403985,0.06351035217968479,30.859751586931953
B_rule_single_route,(재)예술경영지원센터_통합 정보시스템 구축 사전 컨설팅.hwp,central,text+table,multi,table_aware,single,0.55,-0.2432596172005888,30.5,0.796165712800213,0.203834287199787,0.06696011446397443,33.35975158693196
C_rule_multi_route,(재)예술경영지원센터_통합 정보시스템 구축 사전 컨설팅.hwp,central,text+table,multi,text+table,multi,0.55,-0.2432596172005888,33.5,0.7572203403540398,0.2427796596459601,0.15163355915751522,36.35975158693196
A_single_pipeline,2025 구미 아시아육상경기선수권대회 조직위원회_2025 구미아시아육상경.hwp,central,text+table,multi,text_only,single,0.55,-0.2812205541923858,28.0,0.8249137318359602,0.17508626816403985,0.06351035217968479,30.859751586931953
B_rule_single_route,2025 구미 아시아육상경기선수권대회 조직위원회_2025 구미아시아육상경.hwp,central,text+table,multi,table_aware,single,0.55,-0.2812205541923858,30.5,0.796165712800213,0.203834287199787,0.06696011446397443,33.35975158693196
C_rule_multi_route,2025 구미 아시아육상경기선수권대회 조직위원회_2025 구미아시아육상경.hwp,central,text+table,multi,text+table,multi,0.55,-0.2812205541923858,33.5,0.7572203403540398,0.2427796596459601,0.15163355915751522,36.35975158693196
A_single_pipeline,BioIN_의료기기산업 종합정보시스템(정보관리기관) 기능개선 사업(2차).hwp,central,text+table,multi,text_only,single,0.55,0.2742538397633567,30.46828455787021,0.786368264852713,0.2136317351472869,0.06813580821767443,30.859751586931953
B_rule_single_route,BioIN_의료기기산업 종합정보시스템(정보관리기관) 기능개선 사업(2차).hwp,central,text+table,multi,table_aware,single,0.55,0.2742538397633567,32.96828455787021,0.7531849499563699,0.24681505004363014,0.07211780600523562,33.35975158693196
C_rule_multi_route,BioIN_의료기기산업 종합정보시스템(정보관리기관) 기능개선 사업(2차).hwp,central,text+table,multi,text+table,multi,0.55,0.2742538397633567,35.96828455787021,0.709028736274876,0.29097126372512405,0.15741655164701487,36.35975158693196
A_single_pipeline,KOICA 전자조달_[긴급] [지문] [국제] 우즈베키스탄 열린 의정활동 상하원 .hwp,extreme,image_aware,single,text_only,single,0.8,1.466723558099582,41.20051202289624,0.5572352217952496,0.4427647782047504,0.08313177338457005,42.80049572376276
B_rule_single_route,KOICA 전자조달_[긴급] [지문] [국제] 우즈베키스탄 열린 의정활동 상하원 .hwp,extreme,image_aware,single,image_aware,single,0.8,1.466723558099582,44.70051202289624,0.4918629179062154,0.5081370820937846,0.09097644985125415,46.25049572376276
C_rule_multi_route,KOICA 전자조달_[긴급] [지문] [국제] 우즈베키스탄 열린 의정활동 상하원 .hwp,extreme,image_aware,single,image_aware,single,0.8,1.466723558099582,44.70051202289624,0.4918629179062154,0.5081370820937846,0.09097644985125415,46.25049572376276
A_single_pipeline,경기도 안양시_호계체육관 배드민턴장 및 탁구장 예약시스템 구축 용역.hwp,central,text+table,multi,text_only,single,0.55,-0.0038925912608973046,28.0,0.8249137318359602,0.17508626816403985,0.06351035217968479,30.859751586931953
B_rule_single_route,경기도 안양시_호계체육관 배드민턴장 및 탁구장 예약시스템 구축 용역.hwp,central,text+table,multi,table_aware,single,0.55,-0.0038925912608973046,30.5,0.796165712800213,0.203834287199787,0.06696011446397443,33.35975158693196
C_rule_multi_route,경기도 안양시_호계체육관 배드민턴장 및 탁구장 예약시스템 구축 용역.hwp,central,text+table,multi,text+table,multi,0.55,-0.0038925912608973046,33.5,0.7572203403540398,0.2427796596459601,0.15163355915751522,36.35975158693196
A_single_pipeline,경기도사회서비스원_2024년 통합사회정보시스템 운영지원.hwp,central,text+table,multi,text_only,single,0.55,0.14500845097982332,29.30507605881841,0.8052588274864677,0.19474117251353232,0.06586894070162388,30.859751586931953
B_rule_single_route,경기도사회서비스원_2024년 통합사회정보시스템 운영지원.hwp,central,text+table,multi,table_aware,single,0.55,0.14500845097982332,31.80507605881841,0.7741670995841595,0.22583290041584045,0.06959994804990086,33.35975158693196
C_rule_multi_route,경기도사회서비스원_2024년 통합사회정보시스템 운영지원.hwp,central,text+table,multi,text+table,multi,0.55,0.14500845097982332,34.80507605881841,0.7324311435749145,0.2675688564250856,0.15460826277101028,36.35975158693196
A_single_pipeline,경기도평택시_2024년도 평택시 버스정보시스템(BIS) 구축사업.hwp,central,text+table,multi,text_only,single,0.55,0.3434069658937997,31.090662693044198,0.7757265017912307,0.22427349820876935,0.06941281978505232,30.859751586931953
B_rule_single_route,경기도평택시_2024년도 평택시 버스정보시스템(BIS) 구축사업.hwp,central,text+table,multi,table_aware,single,0.55,0.3434069658937997,33.590662693044194,0.7414337243893607,0.2585662756106393,0.07352795307327671,33.35975158693196
C_rule_multi_route,경기도평택시_2024년도 평택시 버스정보시스템(BIS) 구축사업.hwp,central,text+table,multi,text+table,multi,0.55,0.3434069658937997,36.590662693044194,0.696023648599529,0.303976351400471,0.15897716216805652,36.35975158693196
A_single_pipeline,경상북도 봉화군_봉화군 재난통합관리시스템 고도화 사업(협상)(긴급).hwp,central,text+table,multi,text_only,single,0.55,0.0864103307520005,28.777692976768005,0.8133962050438888,0.18660379495611124,0.06489245539473334,30.859751586931953
B_rule_single_route,경상북도 봉화군_봉화군 재난통합관리시스템 고도화 사업(협상)(긴급).hwp,central,text+table,multi,table_aware,single,0.55,0.0864103307520005,31.277692976768005,0.7832539705670287,0.21674602943297128,0.06850952353195655,33.35975158693196
C_rule_multi_route,경상북도 봉화군_봉화군 재난통합관리시스템 고도화 사업(협상)(긴급).hwp,central,text+table,multi,text+table,multi,0.55,0.0864103307520005,34.277692976768,0.7426390788034385,0.25736092119656145,0.15338331054358736,36.35975158693196
A_single_pipeline,경희대학교_[입찰공고] 산학협력단 정보시스템 운영 용역업체 선정.hwp,central,text_only,single,text_only,single,0.0,-0.47123022447495,28.0,0.8249137318359602,0.17508626816403985,0.09101035217968478,30.859751586931953
B_rule_single_route,경희대학교_[입찰공고] 산학협력단 정보시스템 운영 용역업체 선정.hwp,central,text_only,single,text_only,single,0.0,-0.47123022447495,28.0,0.8249137318359602,0.17508626816403985,0.09101035217968478,33.35975158693196
C_rule_multi_route,경희대학교_[입찰공고] 산학협력단 정보시스템 운영 용역업체 선정.hwp,central,text_only,single,text_only,single,0.0,-0.47123022447495,28.0,0.8249137318359602,0.17508626816403985,0.09101035217968478,36.35975158693196
A_single_pipeline,고양도시관리공사_관산근린공원 다목적구장 홈페이지 및 회원 통합운영.hwp,central,text+table,multi,text_only,single,0.55,0.26568444993735846,30.391160049436227,0.7876610426413672,0.21233895735863287,0.06798067488303594,30.859751586931953
B_rule_single_route,고양도시관리공사_관산근린공원 다목적구장 홈페이지 및 회원 통합운영.hwp,central,text+table,multi,table_aware,single,0.55,0.26568444993735846,32.89116004943622,0.7546158731472511,0.2453841268527489,0.07194609522232986,33.35975158693196
C_rule_multi_route,고양도시관리공사_관산근린공원 다목적구장 홈페이지 및 회원 통합운영.hwp,central,text+table,multi,text+table,multi,0.55,0.26568444993735846,35.89116004943622,0.7106172999383369,0.28938270006166306,0.15722592400739957,36.35975158693196
A_single_pipeline,광주과학기술원_실시간통합연구비관리시스템(RCMS)  연계 모듈 변경 사업.hwp,central,text+table,multi,text_only,single,0.55,-0.05480544138233828,28.0,0.8249137318359602,0.17508626816403985,0.06351035217968479,30.859751586931953
B_rule_single_route,광주과학기술원_실시간통합연구비관리시스템(RCMS)  연계 모듈 변경 사업.hwp,central,text+table,multi,table_aware,single,0.55,-0.05480544138233828,30.5,0.796165712800213,0.203834287199787,0.06696011446397443,33.35975158693196
C_rule_multi_route,광주과학기술원_실시간통합연구비관리시스템(RCMS)  연계 모듈 변경 사업.hwp,central,text+table,multi,text+table,multi,0.55,-0.05480544138233828,33.5,0.7572203403540398,0.2427796596459601,0.15163355915751522,36.35975158693196
A_single_pipeline,광주과학기술원_학사시스템 기능개선 사업.hwp,central,text+table,multi,text_only,single,0.55,-0.27947505221861363,28.0,0.8249137318359602,0.17508626816403985,0.06351035217968479,30.859751586931953
B_rule_single_route,광주과학기술원_학사시스템 기능개선 사업.hwp,central,text+table,multi,table_aware,single,0.55,-0.27947505221861363,30.5,0.796165712800213,0.203834287199787,0.06696011446397443,33.35975158693196
C_rule_multi_route,광주과학기술원_학사시스템 기능개선 사업.hwp,central,text+table,multi,text+table,multi,0.55,-0.27947505221861363,33.5,0.7572203403540398,0.2427796596459601,0.15163355915751522,36.35975158693196
A_single_pipeline,국가과학기술지식정보서비스_통합정보시스템 고도화 용역.hwp,central,text+table,multi,text_only,single,0.55,0.13588969052340805,29.223007214710673,0.8065425835731901,0.19345741642680991,0.06571488997121719,30.859751586931953
B_rule_single_route,국가과학기술지식정보서비스_통합정보시스템 고도화 용역.hwp,central,text+table,multi,table_aware,single,0.55,0.13588969052340805,31.723007214710673,0.7755986996765707,0.22440130032342936,0.06942815603881153,33.35975158693196
C_rule_multi_route,국가과학기술지식정보서비스_통합정보시스템 고도화 용역.hwp,central,text+table,multi,text+table,multi,0.55,0.13588969052340805,34.72300721471067,0.7340364228759279,0.26596357712407215,0.15441562925488866,36.35975158693196
A_single_pipeline,국가철도공단_철도인프라 디지털트윈 정보화전략계획(ISP) 수립 용역(변.hwp,central,text+table,multi,text_only,single,0.55,-0.14613321995636425,28.0,0.8249137318359602,0.17508626816403985,0.06351035217968479,30.859751586931953
B_rule_single_route,국가철도공단_철도인프라 디지털트윈 정보화전략계획(ISP) 수립 용역(변.hwp,central,text+table,multi,table_aware,single,0.55,-0.14613321995636425,30.5,0.796165712800213,0.203834287199787,0.06696011446397443,33.35975158693196
C_rule_multi_route,국가철도공단_철도인프라 디지털트윈 정보화전략계획(ISP) 수립 용역(변.hwp,central,text+table,multi,text+table,multi,0.55,-0.14613321995636425,33.5,0.7572203403540398,0.2427796596459601,0.15163355915751522,36.35975158693196
A_single_pipeline,국립인천해양박물관_국립인천해양박물관 해양자료관리시스템 구축 용.hwp,central,text_only,single,text_only,single,0.0,-0.9416628712180548,28.0,0.8249137318359602,0.17508626816403985,0.09101035217968478,30.859751586931953
B_rule_single_route,국립인천해양박물관_국립인천해양박물관 해양자료관리시스템 구축 용.hwp,central,text_only,single,text_only,single,0.0,-0.9416628712180548,28.0,0.8249137318359602,0.17508626816403985,0.09101035217968478,33.35975158693196
C_rule_multi_route,국립인천해양박물관_국립인천해양박물관 해양자료관리시스템 구축 용.hwp,central,text_only,single,text_only,single,0.0,-0.9416628712180548,28.0,0.8249137318359602,0.17508626816403985,0.09101035217968478,36.35975158693196
A_single_pipeline,국립중앙의료원_(긴급)「2024년도 차세대 응급의료 상황관리시스템 구축.hwp,extreme,table_aware,single,text_only,single,0.8,1.0515597319059897,37.46403758715391,0.6464786379204701,0.3535213620795299,0.07242256344954358,42.80049572376276
B_rule_single_route,국립중앙의료원_(긴급)「2024년도 차세대 응급의료 상황관리시스템 구축.hwp,extreme,table_aware,single,table_aware,single,0.8,1.0515597319059897,39.96403758715391,0.6025487383596204,0.3974512616403796,0.07769415139684555,46.25049572376276
C_rule_multi_route,국립중앙의료원_(긴급)「2024년도 차세대 응급의료 상황관리시스템 구축.hwp,extreme,table_aware,single,table_aware,single,0.8,1.0515597319059897,39.96403758715391,0.6025487383596204,0.3974512616403796,0.07769415139684555,46.25049572376276
A_single_pipeline,국민연금공단_2024년 이러닝시스템 운영 용역.hwp,central,text_only,single,text_only,single,0.0,-0.13979692647379022,28.0,0.8249137318359602,0.17508626816403985,0.09101035217968478,30.859751586931953
B_rule_single_route,국민연금공단_2024년 이러닝시스템 운영 용역.hwp,central,text_only,single,text_only,single,0.0,-0.13979692647379022,28.0,0.8249137318359602,0.17508626816403985,0.09101035217968478,33.35975158693196
C_rule_multi_route,국민연금공단_2024년 이러닝시스템 운영 용역.hwp,central,text_only,single,text_only,single,0.0,-0.13979692647379022,28.0,0.8249137318359602,0.17508626816403985,0.09101035217968478,36.35975158693196
A_single_pipeline,국민연금공단_사업장 사회보험료 지원 고시 개정에 따른 정보시스템 보.hwp,central,text_only,single,text_only,single,0.0,-0.9054572372228599,28.0,0.8249137318359602,0.17508626816403985,0.09101035217968478,30.859751586931953
B_rule_single_route,국민연금공단_사업장 사회보험료 지원 고시 개정에 따른 정보시스템 보.hwp,central,text_only,single,text_only,single,0.0,-0.9054572372228599,28.0,0.8249137318359602,0.17508626816403985,0.09101035217968478,33.35975158693196
C_rule_multi_route,국민연금공단_사업장 사회보험료 지원 고시 개정에 따른 정보시스템 보.hwp,central,text_only,single,text_only,single,0.0,-0.9054572372228599,28.0,0.8249137318359602,0.17508626816403985,0.09101035217968478,36.35975158693196
A_single_pipeline,국방과학연구소_기록관리시스템 통합 활용 및 보안 환경 구축.hwp,central,text_only,single,text_only,single,0.0,-0.8164042533755973,28.0,0.8249137318359602,0.17508626816403985,0.09101035217968478,30.859751586931953
B_rule_single_route,국방과학연구소_기록관리시스템 통합 활용 및 보안 환경 구축.hwp,central,text_only,single,text_only,single,0.0,-0.8164042533755973,28.0,0.8249137318359602,0.17508626816403985,0.09101035217968478,33.35975158693196
C_rule_multi_route,국방과학연구소_기록관리시스템 통합 활용 및 보안 환경 구축.hwp,central,text_only,single,text_only,single,0.0,-0.8164042533755973,28.0,0.8249137318359602,0.17508626816403985,0.09101035217968478,36.35975158693196
A_single_pipeline,국방과학연구소_대용량 자료전송시스템 고도화.hwp,central,text_only,single,text_only,single,0.0,-0.11330883849519327,28.0,0.8249137318359602,0.17508626816403985,0.09101035217968478,30.859751586931953
B_rule_single_route,국방과학연구소_대용량 자료전송시스템 고도화.hwp,central,text_only,single,text_only,single,0.0,-0.11330883849519327,28.0,0.8249137318359602,0.17508626816403985,0.09101035217968478,33.35975158693196
C_rule_multi_route,국방과학연구소_대용량 자료전송시스템 고도화.hwp,central,text_only,single,text_only,single,0.0,-0.11330883849519327,28.0,0.8249137318359602,0.17508626816403985,0.09101035217968478,36.35975158693196
A_single_pipeline,그랜드코리아레저(주)_2024년도 GKL  그룹웨어 시스템 구축 용역.hwp,central,text_only,single,text_only,single,0.0,-0.4564860376517914,28.0,0.8249137318359602,0.17508626816403985,0.09101035217968478,30.859751586931953
B_rule_single_route,그랜드코리아레저(주)_2024년도 GKL  그룹웨어 시스템 구축 용역.hwp,central,text_only,single,text_only,single,0.0,-0.4564860376517914,28.0,0.8249137318359602,0.17508626816403985,0.09101035217968478,33.35975158693196
C_rule_multi_route,그랜드코리아레저(주)_2024년도 GKL  그룹웨어 시스템 구축 용역.hwp,central,text_only,single,text_only,single,0.0,-0.4564860376517914,28.0,0.8249137318359602,0.17508626816403985,0.09101035217968478,36.35975158693196
A_single_pipeline,나노종합기술원_스마트 팹 서비스 활용체계 구축관련 설비온라인 시스.hwp,central,text+table,multi,text_only,single,0.55,0.07495134514981716,28.674562106348354,0.8149564976407586,0.18504350235924144,0.06470522028310896,30.859751586931953
B_rule_single_route,나노종합기술원_스마트 팹 서비스 활용체계 구축관련 설비온라인 시스.hwp,central,text+table,multi,table_aware,single,0.55,0.07495134514981716,31.174562106348354,0.7849996792784522,0.2150003207215478,0.06830003848658572,33.35975158693196
C_rule_multi_route,나노종합기술원_스마트 팹 서비스 활용체계 구축관련 설비온라인 시스.hwp,central,text+table,multi,text+table,multi,0.55,0.07495134514981716,34.174562106348354,0.7446052432647059,0.2553947567352941,0.1531473708082353,36.35975158693196
A_single_pipeline,남서울대학교_[혁신-국고] 남서울대학교 스마트 정보시스템 활성화(학사.hwp,central,text+table,multi,text_only,single,0.55,0.05512914544262976,28.496162308983667,0.8176317070178418,0.18236829298215818,0.06438419515785898,30.859751586931953
B_rule_single_route,남서울대학교_[혁신-국고] 남서울대학교 스마트 정보시스템 활성화(학사.hwp,central,text+table,multi,table_aware,single,0.55,0.05512914544262976,30.996162308983667,0.7879953146955081,0.2120046853044919,0.06794056223653902,33.35975158693196
C_rule_multi_route,남서울대학교_[혁신-국고] 남서울대학교 스마트 정보시스템 활성화(학사.hwp,central,text+table,multi,text+table,multi,0.55,0.05512914544262976,33.99616230898367,0.7479830121041879,0.252016987895812,0.15274203854749743,36.35975158693196
A_single_pipeline,대검찰청_아태 사이버범죄 역량강화 허브(APC-HUB) 홈페이지 및 온라인 교.hwp,central,text+table,multi,text_only,single,0.55,0.00105416835884313,28.009487515229587,0.8247766603976215,0.1752233396023785,0.06352680075228542,30.859751586931953
B_rule_single_route,대검찰청_아태 사이버범죄 역량강화 허브(APC-HUB) 홈페이지 및 온라인 교.hwp,central,text+table,multi,table_aware,single,0.55,0.00105416835884313,30.509487515229587,0.7960117005693775,0.20398829943062247,0.06697859593167468,33.35975158693196
C_rule_multi_route,대검찰청_아태 사이버범죄 역량강화 허브(APC-HUB) 홈페이지 및 온라인 교.hwp,central,text+table,multi,text+table,multi,0.55,0.00105416835884313,33.50948751522959,0.7570458814979635,0.24295411850203658,0.15165449422024438,36.35975158693196
A_single_pipeline,대전대학교_대전대학교 2024학년도 다층적 융합 학습경험 플랫폼(MILE) 전.hwp,central,text_only,single,text_only,single,0.0,-1.1748099047933775,28.0,0.8249137318359602,0.17508626816403985,0.09101035217968478,30.859751586931953
B_rule_single_route,대전대학교_대전대학교 2024학년도 다층적 융합 학습경험 플랫폼(MILE) 전.hwp,central,text_only,single,text_only,single,0.0,-1.1748099047933775,28.0,0.8249137318359602,0.17508626816403985,0.09101035217968478,33.35975158693196
C_rule_multi_route,대전대학교_대전대학교 2024학년도 다층적 융합 학습경험 플랫폼(MILE) 전.hwp,central,text_only,single,text_only,single,0.0,-1.1748099047933775,28.0,0.8249137318359602,0.17508626816403985,0.09101035217968478,36.35975158693196
A_single_pipeline,대한상공회의소_기업 재생에너지 지원센터 홈페이지 개편 및 시스템 고.hwp,central,text_only,single,text_only,single,0.0,-1.0836715403580865,28.0,0.8249137318359602,0.17508626816403985,0.09101035217968478,30.859751586931953
B_rule_single_route,대한상공회의소_기업 재생에너지 지원센터 홈페이지 개편 및 시스템 고.hwp,central,text_only,single,text_only,single,0.0,-1.0836715403580865,28.0,0.8249137318359602,0.17508626816403985,0.09101035217968478,33.35975158693196
C_rule_multi_route,대한상공회의소_기업 재생에너지 지원센터 홈페이지 개편 및 시스템 고.hwp,central,text_only,single,text_only,single,0.0,-1.0836715403580865,28.0,0.8249137318359602,0.17508626816403985,0.09101035217968478,36.35975158693196
A_single_pipeline,"대한장애인체육회_2025년 전국장애인체육대회 전산 및 시스템, 홈페이지 .hwp",central,text_only,single,text_only,single,0.0,-1.063089119128234,28.0,0.8249137318359602,0.17508626816403985,0.09101035217968478,30.859751586931953
B_rule_single_route,"대한장애인체육회_2025년 전국장애인체육대회 전산 및 시스템, 홈페이지 .hwp",central,text_only,single,text_only,single,0.0,-1.063089119128234,28.0,0.8249137318359602,0.17508626816403985,0.09101035217968478,33.35975158693196
C_rule_multi_route,"대한장애인체육회_2025년 전국장애인체육대회 전산 및 시스템, 홈페이지 .hwp",central,text_only,single,text_only,single,0.0,-1.063089119128234,28.0,0.8249137318359602,0.17508626816403985,0.09101035217968478,36.35975158693196
A_single_pipeline,대한적십자사 의료원_적십자병원 병원정보 재해복구시스템 구축 용역 .hwp,central,text_only,single,text_only,single,0.0,-0.882386350200647,28.0,0.8249137318359602,0.17508626816403985,0.09101035217968478,30.859751586931953
B_rule_single_route,대한적십자사 의료원_적십자병원 병원정보 재해복구시스템 구축 용역 .hwp,central,text_only,single,text_only,single,0.0,-0.882386350200647,28.0,0.8249137318359602,0.17508626816403985,0.09101035217968478,33.35975158693196
C_rule_multi_route,대한적십자사 의료원_적십자병원 병원정보 재해복구시스템 구축 용역 .hwp,central,text_only,single,text_only,single,0.0,-0.882386350200647,28.0,0.8249137318359602,0.17508626816403985,0.09101035217968478,36.35975158693196
A_single_pipeline,문화체육관광부 국립민속박물관_2024년 국립민속박물관 민속아카이브 자.hwp,central,text_only,single,text_only,single,0.0,-0.9491015337013984,28.0,0.8249137318359602,0.17508626816403985,0.09101035217968478,30.859751586931953
B_rule_single_route,문화체육관광부 국립민속박물관_2024년 국립민속박물관 민속아카이브 자.hwp,central,text_only,single,text_only,single,0.0,-0.9491015337013984,28.0,0.8249137318359602,0.17508626816403985,0.09101035217968478,33.35975158693196
C_rule_multi_route,문화체육관광부 국립민속박물관_2024년 국립민속박물관 민속아카이브 자.hwp,central,text_only,single,text_only,single,0.0,-0.9491015337013984,28.0,0.8249137318359602,0.17508626816403985,0.09101035217968478,36.35975158693196
A_single_pipeline,부산관광공사_경영정보시스템 기능개선.hwp,central,text+table,multi,text_only,single,0.55,0.3192818662964354,30.87353679666792,0.7794813206968432,0.2205186793031568,0.06896224151637881,30.859751586931953
B_rule_single_route,부산관광공사_경영정보시스템 기능개선.hwp,central,text+table,multi,table_aware,single,0.55,0.3192818662964354,33.37353679666792,0.7455743711000974,0.2544256288999026,0.07303107546798832,33.35975158693196
C_rule_multi_route,부산관광공사_경영정보시스템 기능개선.hwp,central,text+table,multi,text+table,multi,0.55,0.3192818662964354,36.37353679666792,0.7005978356022846,0.29940216439771533,0.15842825972772584,36.35975158693196
A_single_pipeline,사단법인 보험개발원_실손보험 청구 전산화 시스템 구축 사업.hwp,central,text_only,single,text_only,single,0.0,-0.7923648076354937,28.0,0.8249137318359602,0.17508626816403985,0.09101035217968478,30.859751586931953
B_rule_single_route,사단법인 보험개발원_실손보험 청구 전산화 시스템 구축 사업.hwp,central,text_only,single,text_only,single,0.0,-0.7923648076354937,28.0,0.8249137318359602,0.17508626816403985,0.09101035217968478,33.35975158693196
C_rule_multi_route,사단법인 보험개발원_실손보험 청구 전산화 시스템 구축 사업.hwp,central,text_only,single,text_only,single,0.0,-0.7923648076354937,28.0,0.8249137318359602,0.17508626816403985,0.09101035217968478,36.35975158693196
A_single_pipeline,사단법인아시아물위원회사무국_우즈벡-키르기즈스탄 기후변화대응 스.hwp,central,text_only,single,text_only,single,0.0,-0.08941882192756895,28.0,0.8249137318359602,0.17508626816403985,0.09101035217968478,30.859751586931953
B_rule_single_route,사단법인아시아물위원회사무국_우즈벡-키르기즈스탄 기후변화대응 스.hwp,central,text_only,single,text_only,single,0.0,-0.08941882192756895,28.0,0.8249137318359602,0.17508626816403985,0.09101035217968478,33.35975158693196
C_rule_multi_route,사단법인아시아물위원회사무국_우즈벡-키르기즈스탄 기후변화대응 스.hwp,central,text_only,single,text_only,single,0.0,-0.08941882192756895,28.0,0.8249137318359602,0.17508626816403985,0.09101035217968478,36.35975158693196
A_single_pipeline,서민금융진흥원_서민금융진흥원 서민금융 채팅 상담시스템 구축.hwp,central,text_only,single,text_only,single,0.0,-0.9396764087526701,28.0,0.8249137318359602,0.17508626816403985,0.09101035217968478,30.859751586931953
B_rule_single_route,서민금융진흥원_서민금융진흥원 서민금융 채팅 상담시스템 구축.hwp,central,text_only,single,text_only,single,0.0,-0.9396764087526701,28.0,0.8249137318359602,0.17508626816403985,0.09101035217968478,33.35975158693196
C_rule_multi_route,서민금융진흥원_서민금융진흥원 서민금융 채팅 상담시스템 구축.hwp,central,text_only,single,text_only,single,0.0,-0.9396764087526701,28.0,0.8249137318359602,0.17508626816403985,0.09101035217968478,36.35975158693196
A_single_pipeline,서영대학교 산학협력단_전문대학 혁신지원사업 서영대학교 차세대 교육.hwp,central,text_only,single,text_only,single,0.0,-0.878877859617568,28.0,0.8249137318359602,0.17508626816403985,0.09101035217968478,30.859751586931953
B_rule_single_route,서영대학교 산학협력단_전문대학 혁신지원사업 서영대학교 차세대 교육.hwp,central,text_only,single,text_only,single,0.0,-0.878877859617568,28.0,0.8249137318359602,0.17508626816403985,0.09101035217968478,33.35975158693196
C_rule_multi_route,서영대학교 산학협력단_전문대학 혁신지원사업 서영대학교 차세대 교육.hwp,central,text_only,single,text_only,single,0.0,-0.878877859617568,28.0,0.8249137318359602,0.17508626816403985,0.09101035217968478,36.35975158693196
A_single_pipeline,"서울특별시 여성가족재단_(재공고, 협상) 서울 디지털성범죄 안심지원센.hwp",extreme,table_aware,single,text_only,single,0.8,0.8847941307046789,35.96314717634211,0.6799811729525022,0.32001882704749784,0.06840225924569973,42.80049572376276
B_rule_single_route,"서울특별시 여성가족재단_(재공고, 협상) 서울 디지털성범죄 안심지원센.hwp",extreme,table_aware,single,table_aware,single,0.8,0.8847941307046789,38.46314717634211,0.6378824838437112,0.3621175161562888,0.07345410193875465,46.25049572376276
C_rule_multi_route,"서울특별시 여성가족재단_(재공고, 협상) 서울 디지털성범죄 안심지원센.hwp",extreme,table_aware,single,table_aware,single,0.8,0.8847941307046789,38.46314717634211,0.6378824838437112,0.3621175161562888,0.07345410193875465,46.25049572376276
A_single_pipeline,서울특별시교육청_서울특별시교육청 지능정보화전략계획(ISP) 수립(2차) .hwp,central,text+table,multi,text_only,single,0.55,0.03233614990320302,28.291025349128827,0.8206705988724708,0.17932940112752918,0.06401952813530351,30.859751586931953
B_rule_single_route,서울특별시교육청_서울특별시교육청 지능정보화전략계획(ISP) 수립(2차) .hwp,central,text+table,multi,table_aware,single,0.55,0.03233614990320302,30.791025349128827,0.7914020600520834,0.20859793994791664,0.06753175279375,33.35975158693196
C_rule_multi_route,서울특별시교육청_서울특별시교육청 지능정보화전략계획(ISP) 수립(2차) .hwp,central,text+table,multi,text+table,multi,0.55,0.03233614990320302,33.79102534912883,0.7518302286972641,0.24816977130273588,0.1522803725563283,36.35975158693196
A_single_pipeline,세종테크노파크_세종테크노파크 인사정보 전산시스템 구축 용역 입찰공.hwp,central,text_only,single,text_only,single,0.0,-0.9487754337370748,28.0,0.8249137318359602,0.17508626816403985,0.09101035217968478,30.859751586931953
B_rule_single_route,세종테크노파크_세종테크노파크 인사정보 전산시스템 구축 용역 입찰공.hwp,central,text_only,single,text_only,single,0.0,-0.9487754337370748,28.0,0.8249137318359602,0.17508626816403985,0.09101035217968478,33.35975158693196
C_rule_multi_route,세종테크노파크_세종테크노파크 인사정보 전산시스템 구축 용역 입찰공.hwp,central,text_only,single,text_only,single,0.0,-0.9487754337370748,28.0,0.8249137318359602,0.17508626816403985,0.09101035217968478,36.35975158693196
A_single_pipeline,수협중앙회_강릉어선안전조업국 상황관제시스템 구축.hwp,central,text+table,multi,text_only,single,0.55,-0.09561236569582746,28.0,0.8249137318359602,0.17508626816403985,0.06351035217968479,30.859751586931953
B_rule_single_route,수협중앙회_강릉어선안전조업국 상황관제시스템 구축.hwp,central,text+table,multi,table_aware,single,0.55,-0.09561236569582746,30.5,0.796165712800213,0.203834287199787,0.06696011446397443,33.35975158693196
C_rule_multi_route,수협중앙회_강릉어선안전조업국 상황관제시스템 구축.hwp,central,text+table,multi,text+table,multi,0.55,-0.09561236569582746,33.5,0.7572203403540398,0.2427796596459601,0.15163355915751522,36.35975158693196
A_single_pipeline,수협중앙회_수협중앙회 수산물사이버직매장 시스템 재구축 ISMP 수립 입.hwp,central,text_only,single,text_only,single,0.0,-0.7910496201960875,28.0,0.8249137318359602,0.17508626816403985,0.09101035217968478,30.859751586931953
B_rule_single_route,수협중앙회_수협중앙회 수산물사이버직매장 시스템 재구축 ISMP 수립 입.hwp,central,text_only,single,text_only,single,0.0,-0.7910496201960875,28.0,0.8249137318359602,0.17508626816403985,0.09101035217968478,33.35975158693196
C_rule_multi_route,수협중앙회_수협중앙회 수산물사이버직매장 시스템 재구축 ISMP 수립 입.hwp,central,text_only,single,text_only,single,0.0,-0.7910496201960875,28.0,0.8249137318359602,0.17508626816403985,0.09101035217968478,36.35975158693196
A_single_pipeline,울산광역시_2024년 버스정보시스템 확대 구축 및 기능개선 용역.hwp,extreme,table_aware,single,text_only,single,0.8,0.8050763282163423,35.24568695394708,0.6953880375033469,0.3046119624966531,0.06655343549959837,42.80049572376276
B_rule_single_route,울산광역시_2024년 버스정보시스템 확대 구축 및 기능개선 용역.hwp,extreme,table_aware,single,table_aware,single,0.8,0.8050763282163423,37.74568695394708,0.6542856795980702,0.34571432040192984,0.07148571844823158,46.25049572376276
C_rule_multi_route,울산광역시_2024년 버스정보시스템 확대 구축 및 기능개선 용역.hwp,extreme,table_aware,single,table_aware,single,0.8,0.8050763282163423,37.74568695394708,0.6542856795980702,0.34571432040192984,0.07148571844823158,46.25049572376276
A_single_pipeline,을지대학교_을지대학교 비교과시스템 개발.hwp,central,text+table,multi,text_only,single,0.55,0.21351742074442875,29.92165678669986,0.7954074927317971,0.20459250726820288,0.06705110087218435,30.859751586931953
B_rule_single_route,을지대학교_을지대학교 비교과시스템 개발.hwp,central,text+table,multi,table_aware,single,0.55,0.21351742074442875,32.421656786699856,0.7632054405623618,0.2367945594376381,0.07091534713251657,33.35975158693196
C_rule_multi_route,을지대학교_을지대학교 비교과시스템 개발.hwp,central,text+table,multi,text+table,multi,0.55,0.21351742074442875,35.421656786699856,0.7201759050534524,0.27982409494654753,0.1560788913935857,36.35975158693196
A_single_pipeline,인천공항운영서비스(주)_인천공항운영서비스㈜ 차세대 ERP시스템 구축 .hwp,central,text+table,multi,text_only,single,0.55,0.07192402377055598,28.647316213935003,0.8153670197158156,0.1846329802841844,0.06465595763410212,30.859751586931953
B_rule_single_route,인천공항운영서비스(주)_인천공항운영서비스㈜ 차세대 ERP시스템 구축 .hwp,central,text+table,multi,table_aware,single,0.55,0.07192402377055598,31.147316213935003,0.7854591652474,0.21454083475260002,0.06824490017031201,33.35975158693196
C_rule_multi_route,인천공항운영서비스(주)_인천공항운영서비스㈜ 차세대 ERP시스템 구축 .hwp,central,text+table,multi,text+table,multi,0.55,0.07192402377055598,34.14731621393501,0.7451230283031907,0.25487697169680934,0.15308523660361711,36.35975158693196
A_single_pipeline,인천광역시 동구_수도국산달동네박물관 전시해설 시스템 구축(협상에 .hwp,central,text+table,multi,text_only,single,0.55,0.19659691661970408,29.769372249577337,0.7978745402760508,0.20212545972394924,0.06675505516687391,30.859751586931953
B_rule_single_route,인천광역시 동구_수도국산달동네박물관 전시해설 시스템 구축(협상에 .hwp,central,text+table,multi,table_aware,single,0.55,0.19659691661970408,32.26937224957734,0.7659465309759101,0.2340534690240899,0.07058641628289078,33.35975158693196
C_rule_multi_route,인천광역시 동구_수도국산달동네박물관 전시해설 시스템 구축(협상에 .hwp,central,text+table,multi,text+table,multi,0.55,0.19659691661970408,35.26937224957734,0.7232344679139824,0.27676553208601756,0.1557118638503221,36.35975158693196
A_single_pipeline,인천광역시_도시계획위원회 통합관리시스템 구축용역.hwp,central,text+table,multi,text_only,single,0.55,0.057046218717500985,28.513415968457508,0.8173742965260844,0.1826257034739156,0.06441508441686987,30.859751586931953
B_rule_single_route,인천광역시_도시계획위원회 통합관리시스템 구축용역.hwp,central,text+table,multi,table_aware,single,0.55,0.057046218717500985,31.013415968457508,0.7877069340815224,0.21229306591847769,0.06797516791021732,33.35975158693196
C_rule_multi_route,인천광역시_도시계획위원회 통합관리시스템 구축용역.hwp,central,text+table,multi,text+table,multi,0.55,0.057046218717500985,34.01341596845751,0.7476576338510491,0.2523423661489509,0.1527810839378741,36.35975158693196
A_single_pipeline,인천광역시_인천일자리플랫폼 정보시스템 구축 ISP 수립용역.hwp,central,text+table,multi,text_only,single,0.55,0.10193216866583807,28.917389517992543,0.8112665625460639,0.1887334374539361,0.06514801249447233,30.859751586931953
B_rule_single_route,인천광역시_인천일자리플랫폼 정보시스템 구축 ISP 수립용역.hwp,central,text+table,multi,table_aware,single,0.55,0.10193216866583807,31.417389517992543,0.7808729989784581,0.2191270010215419,0.06879524012258503,33.35975158693196
C_rule_multi_route,인천광역시_인천일자리플랫폼 정보시스템 구축 ISP 수립용역.hwp,central,text+table,multi,text+table,multi,0.55,0.10193216866583807,34.41738951799254,0.7399600736684193,0.26003992633158063,0.15370479115978966,36.35975158693196
A_single_pipeline,재단법인 광주광역시 광주문화재단_2024년 광주문화예술통합플랫폼 시스.hwp,central,text+table,multi,text_only,single,0.55,-0.017716920683890275,28.0,0.8249137318359602,0.17508626816403985,0.06351035217968479,30.859751586931953
B_rule_single_route,재단법인 광주광역시 광주문화재단_2024년 광주문화예술통합플랫폼 시스.hwp,central,text+table,multi,table_aware,single,0.55,-0.017716920683890275,30.5,0.796165712800213,0.203834287199787,0.06696011446397443,33.35975158693196
C_rule_multi_route,재단법인 광주광역시 광주문화재단_2024년 광주문화예술통합플랫폼 시스.hwp,central,text+table,multi,text+table,multi,0.55,-0.017716920683890275,33.5,0.7572203403540398,0.2427796596459601,0.15163355915751522,36.35975158693196
A_single_pipeline,재단법인 광주연구원_광주정책연구아카이브(GPA) 시스템 개발.hwp,central,text+table,multi,text_only,single,0.55,0.2580444670994477,30.32240020389503,0.7888087840898796,0.21119121591012038,0.06784294590921444,30.859751586931953
B_rule_single_route,재단법인 광주연구원_광주정책연구아카이브(GPA) 시스템 개발.hwp,central,text+table,multi,table_aware,single,0.55,0.2580444670994477,32.82240020389503,0.7558868742197563,0.24411312578024372,0.07179357509362924,33.35975158693196
C_rule_multi_route,재단법인 광주연구원_광주정책연구아카이브(GPA) 시스템 개발.hwp,central,text+table,multi,text+table,multi,0.55,0.2580444670994477,35.82240020389503,0.7120292295079,0.2879707704921,0.15705649245905198,36.35975158693196
A_single_pipeline,재단법인 한국장애인문화예술원_2024년 장애인문화예술정보시스템 이음.hwp,central,text+table,multi,text_only,single,0.55,-0.20803044395059223,28.0,0.8249137318359602,0.17508626816403985,0.06351035217968479,30.859751586931953
B_rule_single_route,재단법인 한국장애인문화예술원_2024년 장애인문화예술정보시스템 이음.hwp,central,text+table,multi,table_aware,single,0.55,-0.20803044395059223,30.5,0.796165712800213,0.203834287199787,0.06696011446397443,33.35975158693196
C_rule_multi_route,재단법인 한국장애인문화예술원_2024년 장애인문화예술정보시스템 이음.hwp,central,text+table,multi,text+table,multi,0.55,-0.20803044395059223,33.5,0.7572203403540398,0.2427796596459601,0.15163355915751522,36.35975158693196
A_single_pipeline,재단법인경기도일자리재단_2025년 통합접수시스템 운영.hwp,extreme,table_aware,single,text_only,single,0.8,0.8753164992508994,35.87784849325809,0.6818344736532946,0.31816552634670536,0.06817986316160464,42.80049572376276
B_rule_single_route,재단법인경기도일자리재단_2025년 통합접수시스템 운영.hwp,extreme,table_aware,single,table_aware,single,0.8,0.8753164992508994,38.37784849325809,0.6398504581475497,0.3601495418524503,0.07321794502229403,46.25049572376276
C_rule_multi_route,재단법인경기도일자리재단_2025년 통합접수시스템 운영.hwp,extreme,table_aware,single,table_aware,single,0.8,0.8753164992508994,38.37784849325809,0.6398504581475497,0.3601495418524503,0.07321794502229403,46.25049572376276
A_single_pipeline,재단법인스포츠윤리센터_스포츠윤리센터 LMS(학습지원시스템) 기능개선.hwp,central,text+table,multi,text_only,single,0.55,0.32520856622745026,30.92687709604705,0.778563086578819,0.221436913421181,0.06907242961054172,30.859751586931953
B_rule_single_route,재단법인스포츠윤리센터_스포츠윤리센터 LMS(학습지원시스템) 기능개선.hwp,central,text+table,multi,table_aware,single,0.55,0.32520856622745026,33.42687709604705,0.7445612170121212,0.2554387829878788,0.07315265395854545,33.35975158693196
C_rule_multi_route,재단법인스포츠윤리센터_스포츠윤리센터 LMS(학습지원시스템) 기능개선.hwp,central,text+table,multi,text+table,multi,0.55,0.32520856622745026,36.42687709604705,0.699477770963198,0.30052222903680204,0.15856266748441625,36.35975158693196
A_single_pipeline,재단법인충북연구원_GIS통계 기반 재난안전데이터 분석ㆍ관리 시스템 구.hwp,central,text+table,multi,text_only,single,0.55,-0.2602771283342963,28.0,0.8249137318359602,0.17508626816403985,0.06351035217968479,30.859751586931953
B_rule_single_route,재단법인충북연구원_GIS통계 기반 재난안전데이터 분석ㆍ관리 시스템 구.hwp,central,text+table,multi,table_aware,single,0.55,-0.2602771283342963,30.5,0.796165712800213,0.203834287199787,0.06696011446397443,33.35975158693196
C_rule_multi_route,재단법인충북연구원_GIS통계 기반 재난안전데이터 분석ㆍ관리 시스템 구.hwp,central,text+table,multi,text+table,multi,0.55,-0.2602771283342963,33.5,0.7572203403540398,0.2427796596459601,0.15163355915751522,36.35975158693196
A_single_pipeline,전북대학교_JST 공유대학(원) xAPI기반 LRS시스템 구축.hwp,central,text+table,multi,text_only,single,0.55,0.11686285529553235,29.051765697659793,0.8092004761478292,0.19079952385217078,0.0653959428622605,30.859751586931953
B_rule_single_route,전북대학교_JST 공유대학(원) xAPI기반 LRS시스템 구축.hwp,central,text+table,multi,table_aware,single,0.55,0.11686285529553235,31.551765697659793,0.778565007110095,0.221434992889905,0.06907219914678861,33.35975158693196
C_rule_multi_route,전북대학교_JST 공유대학(원) xAPI기반 LRS시스템 구축.hwp,central,text+table,multi,text+table,multi,0.55,0.11686285529553235,34.55176569765979,0.737366093230009,0.26263390676999104,0.15401606881239893,36.35975158693196
A_single_pipeline,전북특별자치도 정읍시_정읍체육트레이닝센터 통합운영관리시스템 구.hwp,extreme,table_aware,single,text_only,single,0.8,0.7336986578324265,34.60328792049184,0.7088223167693267,0.2911776832306733,0.06494132198768078,42.80049572376276
B_rule_single_route,전북특별자치도 정읍시_정읍체육트레이닝센터 통합운영관리시스템 구.hwp,extreme,table_aware,single,table_aware,single,0.8,0.7336986578324265,37.10328792049184,0.668668981009083,0.331331018990917,0.06975972227891003,46.25049572376276
C_rule_multi_route,전북특별자치도 정읍시_정읍체육트레이닝센터 통합운영관리시스템 구.hwp,extreme,table_aware,single,table_aware,single,0.8,0.7336986578324265,37.10328792049184,0.668668981009083,0.331331018990917,0.06975972227891003,46.25049572376276
A_single_pipeline,조선대학교_(재공고)2024 조선대학교 SW중심대학 사업관리시스템(WeHub) 구.hwp,central,text+table,multi,text_only,single,0.55,-0.30613614171724485,28.0,0.8249137318359602,0.17508626816403985,0.06351035217968479,30.859751586931953
B_rule_single_route,조선대학교_(재공고)2024 조선대학교 SW중심대학 사업관리시스템(WeHub) 구.hwp,central,text+table,multi,table_aware,single,0.55,-0.30613614171724485,30.5,0.796165712800213,0.203834287199787,0.06696011446397443,33.35975158693196
C_rule_multi_route,조선대학교_(재공고)2024 조선대학교 SW중심대학 사업관리시스템(WeHub) 구.hwp,central,text+table,multi,text+table,multi,0.55,-0.30613614171724485,33.5,0.7572203403540398,0.2427796596459601,0.15163355915751522,36.35975158693196
A_single_pipeline,중앙선거관리위원회_2025년도 행정정보시스템 위탁운영사업.hwp,extreme,table_aware,single,text_only,single,0.8,0.510265776307749,32.59239198676974,0.7485249583826576,0.2514750416173424,0.06017700499408109,42.80049572376276
B_rule_single_route,중앙선거관리위원회_2025년도 행정정보시스템 위탁운영사업.hwp,extreme,table_aware,single,table_aware,single,0.8,0.510265776307749,35.09239198676974,0.7116191370880061,0.28838086291199394,0.06460570354943927,46.25049572376276
C_rule_multi_route,중앙선거관리위원회_2025년도 행정정보시스템 위탁운영사업.hwp,extreme,table_aware,single,table_aware,single,0.8,0.510265776307749,35.09239198676974,0.7116191370880061,0.28838086291199394,0.06460570354943927,46.25049572376276
A_single_pipeline,축산물품질평가원_꿀 품질평가 전산시스템 기능개선 사업.hwp,extreme,table_aware,single,text_only,single,0.8,0.516175664998233,32.64558098498409,0.7475224305821375,0.25247756941786254,0.060297308330143504,42.80049572376276
B_rule_single_route,축산물품질평가원_꿀 품질평가 전산시스템 기능개선 사업.hwp,extreme,table_aware,single,table_aware,single,0.8,0.516175664998233,35.14558098498409,0.7105263791993052,0.28947362080069483,0.06473683449608338,46.25049572376276
C_rule_multi_route,축산물품질평가원_꿀 품질평가 전산시스템 기능개선 사업.hwp,extreme,table_aware,single,table_aware,single,0.8,0.516175664998233,35.14558098498409,0.7105263791993052,0.28947362080069483,0.06473683449608338,46.25049572376276
A_single_pipeline,축산물품질평가원_축산물이력관리시스템 개선(정보화 사업).hwp,central,text+table,multi,text_only,single,0.55,0.2900688932030172,30.610620038827154,0.7839673797588057,0.21603262024119427,0.0684239144289433,30.859751586931953
B_rule_single_route,축산물품질평가원_축산물이력관리시스템 개선(정보화 사업).hwp,central,text+table,multi,table_aware,single,0.55,0.2900688932030172,33.11062003882716,0.750529445779714,0.249470554220286,0.07243646650643432,33.35975158693196
C_rule_multi_route,축산물품질평가원_축산물이력관리시스템 개선(정보화 사업).hwp,central,text+table,multi,text+table,multi,0.55,0.2900688932030172,36.11062003882716,0.7060835429703866,0.29391645702961344,0.15776997484355362,36.35975158693196
A_single_pipeline,케빈랩 주식회사_평택시 강소형 스마트시티 AI 기반의 영상감시 시스템 .hwp,central,text_only,single,text_only,single,0.0,-1.012897350095443,28.0,0.8249137318359602,0.17508626816403985,0.09101035217968478,30.859751586931953
B_rule_single_route,케빈랩 주식회사_평택시 강소형 스마트시티 AI 기반의 영상감시 시스템 .hwp,central,text_only,single,text_only,single,0.0,-1.012897350095443,28.0,0.8249137318359602,0.17508626816403985,0.09101035217968478,33.35975158693196
C_rule_multi_route,케빈랩 주식회사_평택시 강소형 스마트시티 AI 기반의 영상감시 시스템 .hwp,central,text_only,single,text_only,single,0.0,-1.012897350095443,28.0,0.8249137318359602,0.17508626816403985,0.09101035217968478,36.35975158693196
A_single_pipeline,파주도시관광공사_종량제봉투 판매관리 전산시스템 개선사업.hwp,extreme,table_aware,single,text_only,single,0.8,0.4523629128450464,32.07126621560542,0.7582068040621373,0.2417931959378627,0.05901518351254352,42.80049572376276
B_rule_single_route,파주도시관광공사_종량제봉투 판매관리 전산시스템 개선사업.hwp,extreme,table_aware,single,table_aware,single,0.8,0.4523629128450464,34.57126621560542,0.7221945228285238,0.27780547717147624,0.06333665726057715,46.25049572376276
C_rule_multi_route,파주도시관광공사_종량제봉투 판매관리 전산시스템 개선사업.hwp,extreme,table_aware,single,table_aware,single,0.8,0.4523629128450464,34.57126621560542,0.7221945228285238,0.27780547717147624,0.06333665726057715,46.25049572376276
A_single_pipeline,한국가스공사_[재공고]차세대 통합정보시스템(ERP) 구축.hwp,extreme,table_aware,single,text_only,single,0.8,0.7099465063763393,34.389518557387056,0.7132145975946835,0.2867854024053164,0.06441424828863797,42.80049572376276
B_rule_single_route,한국가스공사_[재공고]차세대 통합정보시스템(ERP) 구축.hwp,extreme,table_aware,single,table_aware,single,0.8,0.7099465063763393,36.889518557387056,0.6733878635875171,0.3266121364124829,0.06919345636949793,46.25049572376276
C_rule_multi_route,한국가스공사_[재공고]차세대 통합정보시스템(ERP) 구축.hwp,extreme,table_aware,single,table_aware,single,0.8,0.7099465063763393,36.889518557387056,0.6733878635875171,0.3266121364124829,0.06919345636949793,46.25049572376276
A_single_pipeline,한국건강가정진흥원_2025년 아이돌봄인력 인적성 검사 정보시스템 운영.hwp,central,text_only,single,text_only,single,0.0,-0.9792176027134337,28.0,0.8249137318359602,0.17508626816403985,0.09101035217968478,30.859751586931953
B_rule_single_route,한국건강가정진흥원_2025년 아이돌봄인력 인적성 검사 정보시스템 운영.hwp,central,text_only,single,text_only,single,0.0,-0.9792176027134337,28.0,0.8249137318359602,0.17508626816403985,0.09101035217968478,33.35975158693196
C_rule_multi_route,한국건강가정진흥원_2025년 아이돌봄인력 인적성 검사 정보시스템 운영.hwp,central,text_only,single,text_only,single,0.0,-0.9792176027134337,28.0,0.8249137318359602,0.17508626816403985,0.09101035217968478,36.35975158693196
A_single_pipeline,한국교육과정평가원_국가교육과정정보센터(NCIC) 시스템 운영 및 개선.hwp,central,text_only,single,text_only,single,0.0,-0.3908253384949101,28.0,0.8249137318359602,0.17508626816403985,0.09101035217968478,30.859751586931953
B_rule_single_route,한국교육과정평가원_국가교육과정정보센터(NCIC) 시스템 운영 및 개선.hwp,central,text_only,single,text_only,single,0.0,-0.3908253384949101,28.0,0.8249137318359602,0.17508626816403985,0.09101035217968478,33.35975158693196
C_rule_multi_route,한국교육과정평가원_국가교육과정정보센터(NCIC) 시스템 운영 및 개선.hwp,central,text_only,single,text_only,single,0.0,-0.3908253384949101,28.0,0.8249137318359602,0.17508626816403985,0.09101035217968478,36.35975158693196
A_single_pipeline,한국농수산식품유통공사_농산물가격안정기금 정부예산회계연계시스템 .hwp,central,text+table,multi,text_only,single,0.55,0.0873862959636542,28.78647666367289,0.8132628470663551,0.18673715293364493,0.0649084583520374,30.859751586931953
B_rule_single_route,한국농수산식품유통공사_농산물가격안정기금 정부예산회계연계시스템 .hwp,central,text+table,multi,table_aware,single,0.55,0.0873862959636542,31.28647666367289,0.7831048152838221,0.21689518471617783,0.06852742216594135,33.35975158693196
C_rule_multi_route,한국농수산식품유통공사_농산물가격안정기금 정부예산회계연계시스템 .hwp,central,text+table,multi,text+table,multi,0.55,0.0873862959636542,34.286476663672886,0.7424711636890315,0.25752883631096846,0.1534034603573162,36.35975158693196
A_single_pipeline,한국농어촌공사_네팔 수자원관리 정보화사업-Pilot 시스템 구축용역.hwp,central,text+table,multi,text_only,single,0.55,0.4518786656845891,32.0669079911613,0.758286694070935,0.24171330592906498,0.07150559671148779,30.859751586931953
B_rule_single_route,한국농어촌공사_네팔 수자원관리 정보화사업-Pilot 시스템 구축용역.hwp,central,text+table,multi,table_aware,single,0.55,0.4518786656845891,34.5669079911613,0.7222819532406988,0.2777180467593012,0.07582616561111613,33.35975158693196
C_rule_multi_route,한국농어촌공사_네팔 수자원관리 정보화사업-Pilot 시스템 구축용역.hwp,central,text+table,multi,text+table,multi,0.55,0.4518786656845891,37.5669079911613,0.6749828210219146,0.3250171789780854,0.16150206147737026,36.35975158693196
A_single_pipeline,한국농어촌공사_아세안+3 식량안보정보시스템(AFSIS) 3단계 협력(캄보디아.hwp,central,text_only,single,text_only,single,0.0,-0.7920969959901834,28.0,0.8249137318359602,0.17508626816403985,0.09101035217968478,30.859751586931953
B_rule_single_route,한국농어촌공사_아세안+3 식량안보정보시스템(AFSIS) 3단계 협력(캄보디아.hwp,central,text_only,single,text_only,single,0.0,-0.7920969959901834,28.0,0.8249137318359602,0.17508626816403985,0.09101035217968478,33.35975158693196
C_rule_multi_route,한국농어촌공사_아세안+3 식량안보정보시스템(AFSIS) 3단계 협력(캄보디아.hwp,central,text_only,single,text_only,single,0.0,-0.7920969959901834,28.0,0.8249137318359602,0.17508626816403985,0.09101035217968478,36.35975158693196
A_single_pipeline,한국로봇산업진흥원_한국로봇산업진흥원 사업관리시스템 온라인평가 .hwp,central,text_only,single,text_only,single,0.0,-0.24821340445193424,28.0,0.8249137318359602,0.17508626816403985,0.09101035217968478,30.859751586931953
B_rule_single_route,한국로봇산업진흥원_한국로봇산업진흥원 사업관리시스템 온라인평가 .hwp,central,text_only,single,text_only,single,0.0,-0.24821340445193424,28.0,0.8249137318359602,0.17508626816403985,0.09101035217968478,33.35975158693196
C_rule_multi_route,한국로봇산업진흥원_한국로봇산업진흥원 사업관리시스템 온라인평가 .hwp,central,text_only,single,text_only,single,0.0,-0.24821340445193424,28.0,0.8249137318359602,0.17508626816403985,0.09101035217968478,36.35975158693196
A_single_pipeline,한국발명진흥회 입찰공고_2024년 건설기술에 관한 특허·실용신안 활용실.hwp,central,text+table,multi,text_only,single,0.55,0.15261243401990612,29.373511906179154,0.8041833942765523,0.19581660572344775,0.06599799268681372,30.859751586931953
B_rule_single_route,한국발명진흥회 입찰공고_2024년 건설기술에 관한 특허·실용신안 활용실.hwp,central,text+table,multi,table_aware,single,0.55,0.15261243401990612,31.873511906179154,0.7729683747579863,0.22703162524201367,0.06974379502904163,33.35975158693196
C_rule_multi_route,한국발명진흥회 입찰공고_2024년 건설기술에 관한 특허·실용신안 활용실.hwp,central,text+table,multi,text+table,multi,0.55,0.15261243401990612,34.873511906179154,0.731087835324294,0.268912164675706,0.15476945976108472,36.35975158693196
A_single_pipeline,한국보건산업진흥원_의료기기산업 종합정보시스템(정보관리기관) 기능.hwp,central,text+table,multi,text_only,single,0.55,0.2742538397633567,30.46828455787021,0.786368264852713,0.2136317351472869,0.06813580821767443,30.859751586931953
B_rule_single_route,한국보건산업진흥원_의료기기산업 종합정보시스템(정보관리기관) 기능.hwp,central,text+table,multi,table_aware,single,0.55,0.2742538397633567,32.96828455787021,0.7531849499563699,0.24681505004363014,0.07211780600523562,33.35975158693196
C_rule_multi_route,한국보건산업진흥원_의료기기산업 종합정보시스템(정보관리기관) 기능.hwp,central,text+table,multi,text+table,multi,0.55,0.2742538397633567,35.96828455787021,0.709028736274876,0.29097126372512405,0.15741655164701487,36.35975158693196
A_single_pipeline,한국보육진흥원_연차별 자율 품질관리 시스템 기능개선.hwp,central,text+table,multi,text_only,single,0.55,0.21870628888296284,29.968356599946667,0.794646477587637,0.2053535224123631,0.06714242268948356,30.859751586931953
B_rule_single_route,한국보육진흥원_연차별 자율 품질관리 시스템 기능개선.hwp,central,text+table,multi,table_aware,single,0.55,0.21870628888296284,32.46835659994667,0.7623604308926605,0.23763956910733955,0.07101674829288074,33.35975158693196
C_rule_multi_route,한국보육진흥원_연차별 자율 품질관리 시스템 기능개선.hwp,central,text+table,multi,text+table,multi,0.55,0.21870628888296284,35.46835659994667,0.719233831466854,0.28076616853314595,0.1561919402239775,36.35975158693196
A_single_pipeline,한국사학진흥재단_대학재정정보시스템(기본재산 및 기채 사후관리) 고.hwp,extreme,table_aware,single,text_only,single,0.8,0.8472447313734814,35.62520258236133,0.6872899262633023,0.31271007373669774,0.06752520884840373,42.80049572376276
B_rule_single_route,한국사학진흥재단_대학재정정보시스템(기본재산 및 기채 사후관리) 고.hwp,extreme,table_aware,single,table_aware,single,0.8,0.8472447313734814,38.12520258236133,0.6456516714469528,0.3543483285530472,0.07252179942636566,46.25049572376276
C_rule_multi_route,한국사학진흥재단_대학재정정보시스템(기본재산 및 기채 사후관리) 고.hwp,extreme,table_aware,single,table_aware,single,0.8,0.8472447313734814,38.12520258236133,0.6456516714469528,0.3543483285530472,0.07252179942636566,46.25049572376276
A_single_pipeline,한국사회보장정보원_라오스 보건의료정보화 협력을 위한 사전타당성 조.hwp,central,text_only,single,text_only,single,0.0,-0.35397581358078767,28.0,0.8249137318359602,0.17508626816403985,0.09101035217968478,30.859751586931953
B_rule_single_route,한국사회보장정보원_라오스 보건의료정보화 협력을 위한 사전타당성 조.hwp,central,text_only,single,text_only,single,0.0,-0.35397581358078767,28.0,0.8249137318359602,0.17508626816403985,0.09101035217968478,33.35975158693196
C_rule_multi_route,한국사회보장정보원_라오스 보건의료정보화 협력을 위한 사전타당성 조.hwp,central,text_only,single,text_only,single,0.0,-0.35397581358078767,28.0,0.8249137318359602,0.17508626816403985,0.09101035217968478,36.35975158693196
A_single_pipeline,한국산업단지공단_산단 안전정보시스템 1차 구축 용역.hwp,extreme,table_aware,single,text_only,single,0.8,0.585121962162694,33.26609765946424,0.7356324496853595,0.2643675503146405,0.061724106037756854,42.80049572376276
B_rule_single_route,한국산업단지공단_산단 안전정보시스템 1차 구축 용역.hwp,extreme,table_aware,single,table_aware,single,0.8,0.585121962162694,35.76609765946424,0.6975989464437391,0.30240105355626085,0.06628812642675129,46.25049572376276
C_rule_multi_route,한국산업단지공단_산단 안전정보시스템 1차 구축 용역.hwp,extreme,table_aware,single,table_aware,single,0.8,0.585121962162694,35.76609765946424,0.6975989464437391,0.30240105355626085,0.06628812642675129,46.25049572376276
A_single_pipeline,한국산업인력공단_RFID기반 국가자격 시험 결과물 스마트 관리시스템 도.hwp,central,text+table,multi,text_only,single,0.55,-0.19509385868824747,28.0,0.8249137318359602,0.17508626816403985,0.06351035217968479,30.859751586931953
B_rule_single_route,한국산업인력공단_RFID기반 국가자격 시험 결과물 스마트 관리시스템 도.hwp,central,text+table,multi,table_aware,single,0.55,-0.19509385868824747,30.5,0.796165712800213,0.203834287199787,0.06696011446397443,33.35975158693196
C_rule_multi_route,한국산업인력공단_RFID기반 국가자격 시험 결과물 스마트 관리시스템 도.hwp,central,text+table,multi,text+table,multi,0.55,-0.19509385868824747,33.5,0.7572203403540398,0.2427796596459601,0.15163355915751522,36.35975158693196
A_single_pipeline,한국생산기술연구원_2세대 전자조달시스템  기반구축사업.hwp,central,text+table,multi,text_only,single,0.55,0.19495014119849466,29.75455127078645,0.7981134538057268,0.2018865461942732,0.06672638554331278,30.859751586931953
B_rule_single_route,한국생산기술연구원_2세대 전자조달시스템  기반구축사업.hwp,central,text+table,multi,table_aware,single,0.55,0.19495014119849466,32.25455127078645,0.7662121255479059,0.23378787445209417,0.0705545449342513,33.35975158693196
C_rule_multi_route,한국생산기술연구원_2세대 전자조달시스템  기반구축사업.hwp,central,text+table,multi,text+table,multi,0.55,0.19495014119849466,35.25455127078645,0.7235310358945006,0.2764689641054994,0.15567627569265993,36.35975158693196
A_single_pipeline,한국생산기술연구원_EIP3.0 고압가스 안전관리 시스템 구축 용역.hwp,extreme,table_aware,single,text_only,single,0.8,0.7013883560182823,34.31249520416454,0.7147874389077672,0.2852125610922328,0.06422550733106792,42.80049572376276
B_rule_single_route,한국생산기술연구원_EIP3.0 고압가스 안전관리 시스템 구축 용역.hwp,extreme,table_aware,single,table_aware,single,0.8,0.7013883560182823,36.81249520416454,0.6750796217136252,0.32492037828637477,0.06899044539436497,46.25049572376276
C_rule_multi_route,한국생산기술연구원_EIP3.0 고압가스 안전관리 시스템 구축 용역.hwp,extreme,table_aware,single,table_aware,single,0.8,0.7013883560182823,36.81249520416454,0.6750796217136252,0.32492037828637477,0.06899044539436497,46.25049572376276
A_single_pipeline,한국수자원공사_건설통합시스템(CMS) 고도화.hwp,central,text+table,multi,text_only,single,0.55,0.08075987204718961,28.726838848424705,0.814166853456914,0.18583314654308603,0.06479997758517031,30.859751586931953
B_rule_single_route,한국수자원공사_건설통합시스템(CMS) 고도화.hwp,central,text+table,multi,table_aware,single,0.55,0.08075987204718961,31.226838848424705,0.7841160631338543,0.2158839368661457,0.06840607242393748,33.35975158693196
C_rule_multi_route,한국수자원공사_건설통합시스템(CMS) 고도화.hwp,central,text+table,multi,text+table,multi,0.55,0.08075987204718961,34.226838848424705,0.7436098349003509,0.25639016509964907,0.1532668198119579,36.35975158693196
A_single_pipeline,한국수자원공사_수도사업장 통합 사고분석솔루션 시범구축 용역.hwp,central,text_only,single,text_only,single,0.0,-0.7451624276978842,28.0,0.8249137318359602,0.17508626816403985,0.09101035217968478,30.859751586931953
B_rule_single_route,한국수자원공사_수도사업장 통합 사고분석솔루션 시범구축 용역.hwp,central,text_only,single,text_only,single,0.0,-0.7451624276978842,28.0,0.8249137318359602,0.17508626816403985,0.09101035217968478,33.35975158693196
C_rule_multi_route,한국수자원공사_수도사업장 통합 사고분석솔루션 시범구축 용역.hwp,central,text_only,single,text_only,single,0.0,-0.7451624276978842,28.0,0.8249137318359602,0.17508626816403985,0.09101035217968478,36.35975158693196
A_single_pipeline,한국수자원공사_용인 첨단 시스템반도체 국가산단 용수공급사업 타당성.hwp,central,text_only,single,text_only,single,0.0,-0.6242669777910104,28.0,0.8249137318359602,0.17508626816403985,0.09101035217968478,30.859751586931953
B_rule_single_route,한국수자원공사_용인 첨단 시스템반도체 국가산단 용수공급사업 타당성.hwp,central,text_only,single,text_only,single,0.0,-0.6242669777910104,28.0,0.8249137318359602,0.17508626816403985,0.09101035217968478,33.35975158693196
C_rule_multi_route,한국수자원공사_용인 첨단 시스템반도체 국가산단 용수공급사업 타당성.hwp,central,text_only,single,text_only,single,0.0,-0.6242669777910104,28.0,0.8249137318359602,0.17508626816403985,0.09101035217968478,36.35975158693196
A_single_pipeline,한국수자원조사기술원_수문자료정보관리시스템(HDIMS) 재구축 용역(3단계.hwp,central,text_only,single,text_only,single,0.0,-0.9378392703420776,28.0,0.8249137318359602,0.17508626816403985,0.09101035217968478,30.859751586931953
B_rule_single_route,한국수자원조사기술원_수문자료정보관리시스템(HDIMS) 재구축 용역(3단계.hwp,central,text_only,single,text_only,single,0.0,-0.9378392703420776,28.0,0.8249137318359602,0.17508626816403985,0.09101035217968478,33.35975158693196
C_rule_multi_route,한국수자원조사기술원_수문자료정보관리시스템(HDIMS) 재구축 용역(3단계.hwp,central,text_only,single,text_only,single,0.0,-0.9378392703420776,28.0,0.8249137318359602,0.17508626816403985,0.09101035217968478,36.35975158693196
A_single_pipeline,한국수출입은행_(긴급) 모잠비크 마푸토 지능형교통시스템(ITS) 구축사업.hwp,central,text+table,multi,text_only,single,0.55,0.0884843671696359,28.796359304526725,0.8131127165025125,0.1868872834974875,0.0649264740196985,30.859751586931953
B_rule_single_route,한국수출입은행_(긴급) 모잠비크 마푸토 지능형교통시스템(ITS) 구축사업.hwp,central,text+table,multi,table_aware,single,0.55,0.0884843671696359,31.296359304526725,0.7829369100216217,0.2170630899783783,0.0685475707974054,33.35975158693196
C_rule_multi_route,한국수출입은행_(긴급) 모잠비크 마푸토 지능형교통시스템(ITS) 구축사업.hwp,central,text+table,multi,text+table,multi,0.55,0.0884843671696359,34.296359304526725,0.7422821546758975,0.2577178453241025,0.1534261414388923,36.35975158693196
A_single_pipeline,한국어촌어항공단_한국어촌어항공단 경영관리시스템(ERP·GW) 기능 고도.hwp,extreme,table_aware,single,text_only,single,0.8,0.46527693159045114,32.18749238431406,0.7560696488432276,0.2439303511567724,0.05927164213881268,42.80049572376276
B_rule_single_route,한국어촌어항공단_한국어촌어항공단 경영관리시스템(ERP·GW) 기능 고도.hwp,extreme,table_aware,single,table_aware,single,0.8,0.46527693159045114,34.68749238431406,0.7198566707812077,0.28014332921879226,0.06361719950625506,46.25049572376276
C_rule_multi_route,한국어촌어항공단_한국어촌어항공단 경영관리시스템(ERP·GW) 기능 고도.hwp,extreme,table_aware,single,table_aware,single,0.8,0.46527693159045114,34.68749238431406,0.7198566707812077,0.28014332921879226,0.06361719950625506,46.25049572376276
A_single_pipeline,한국연구재단_2024년 기초학문자료센터 시스템 운영 및 연구성과물 DB구.hwp,central,text+table,multi,text_only,single,0.55,0.10176956393373433,28.915926075403608,0.8112889687524784,0.18871103124752164,0.0651453237497026,30.859751586931953
B_rule_single_route,한국연구재단_2024년 기초학문자료센터 시스템 운영 및 연구성과물 DB구.hwp,central,text+table,multi,table_aware,single,0.55,0.10176956393373433,31.415926075403608,0.7808980389677616,0.21910196103223845,0.0687922353238686,33.35975158693196
C_rule_multi_route,한국연구재단_2024년 기초학문자료센터 시스템 운영 및 연구성과물 DB구.hwp,central,text+table,multi,text+table,multi,0.55,0.10176956393373433,34.41592607540361,0.7399882321193477,0.2600117678806523,0.15370141214567826,36.35975158693196
A_single_pipeline,한국연구재단_2024년 대학산학협력활동 실태조사 시스템(UICC) 기능개선.hwp,extreme,table_aware,single,text_only,single,0.8,0.5184693161690692,32.66622384552162,0.7471326333811429,0.2528673666188571,0.060344083994262845,42.80049572376276
B_rule_single_route,한국연구재단_2024년 대학산학협력활동 실태조사 시스템(UICC) 기능개선.hwp,extreme,table_aware,single,table_aware,single,0.8,0.5184693161690692,35.16622384552162,0.7101016151977046,0.2898983848022954,0.06478780617627544,46.25049572376276
C_rule_multi_route,한국연구재단_2024년 대학산학협력활동 실태조사 시스템(UICC) 기능개선.hwp,extreme,table_aware,single,table_aware,single,0.8,0.5184693161690692,35.16622384552162,0.7101016151977046,0.2898983848022954,0.06478780617627544,46.25049572376276
A_single_pipeline,한국원자력연구원_한국원자력연구원 선량평가시스템 고도화.hwp,central,text+table,multi,text_only,single,0.55,-0.2710836926917986,28.0,0.8249137318359602,0.17508626816403985,0.06351035217968479,30.859751586931953
B_rule_single_route,한국원자력연구원_한국원자력연구원 선량평가시스템 고도화.hwp,central,text+table,multi,table_aware,single,0.55,-0.2710836926917986,30.5,0.796165712800213,0.203834287199787,0.06696011446397443,33.35975158693196
C_rule_multi_route,한국원자력연구원_한국원자력연구원 선량평가시스템 고도화.hwp,central,text+table,multi,text+table,multi,0.55,-0.2710836926917986,33.5,0.7572203403540398,0.2427796596459601,0.15163355915751522,36.35975158693196
A_single_pipeline,한국재정정보원_e나라도움 업무시스템 웹 접근성 컨설팅.hwp,central,text+table,multi,text_only,single,0.55,-0.006712797003701497,28.0,0.8249137318359602,0.17508626816403985,0.06351035217968479,30.859751586931953
B_rule_single_route,한국재정정보원_e나라도움 업무시스템 웹 접근성 컨설팅.hwp,central,text+table,multi,table_aware,single,0.55,-0.006712797003701497,30.5,0.796165712800213,0.203834287199787,0.06696011446397443,33.35975158693196
C_rule_multi_route,한국재정정보원_e나라도움 업무시스템 웹 접근성 컨설팅.hwp,central,text+table,multi,text+table,multi,0.55,-0.006712797003701497,33.5,0.7572203403540398,0.2427796596459601,0.15163355915751522,36.35975158693196
A_single_pipeline,한국전기안전공사_전기안전 관제시스템 보안 모듈 개발 용역.hwp,central,text_only,single,text_only,single,0.0,-0.27611738942614084,28.0,0.8249137318359602,0.17508626816403985,0.09101035217968478,30.859751586931953
B_rule_single_route,한국전기안전공사_전기안전 관제시스템 보안 모듈 개발 용역.hwp,central,text_only,single,text_only,single,0.0,-0.27611738942614084,28.0,0.8249137318359602,0.17508626816403985,0.09101035217968478,33.35975158693196
C_rule_multi_route,한국전기안전공사_전기안전 관제시스템 보안 모듈 개발 용역.hwp,central,text_only,single,text_only,single,0.0,-0.27611738942614084,28.0,0.8249137318359602,0.17508626816403985,0.09101035217968478,36.35975158693196
A_single_pipeline,한국지식재산보호원_IP-NAVI  해외지식재산센터 사업관리 시스템 기능개.hwp,central,text+table,multi,text_only,single,0.55,-0.2439266549111771,28.0,0.8249137318359602,0.17508626816403985,0.06351035217968479,30.859751586931953
B_rule_single_route,한국지식재산보호원_IP-NAVI  해외지식재산센터 사업관리 시스템 기능개.hwp,central,text+table,multi,table_aware,single,0.55,-0.2439266549111771,30.5,0.796165712800213,0.203834287199787,0.06696011446397443,33.35975158693196
C_rule_multi_route,한국지식재산보호원_IP-NAVI  해외지식재산센터 사업관리 시스템 기능개.hwp,central,text+table,multi,text+table,multi,0.55,-0.2439266549111771,33.5,0.7572203403540398,0.2427796596459601,0.15163355915751522,36.35975158693196
A_single_pipeline,한국철도공사 (용역)_[재공고][긴급][협상형]운행정보기록 자동분석시스.hwp,extreme,table_aware,single,text_only,single,0.8,0.8125900862126226,35.31331077591361,0.6939537162516609,0.3060462837483391,0.06672555404980068,42.80049572376276
B_rule_single_route,한국철도공사 (용역)_[재공고][긴급][협상형]운행정보기록 자동분석시스.hwp,extreme,table_aware,single,table_aware,single,0.8,0.8125900862126226,37.81331077591361,0.6527544645335575,0.3472455354664426,0.0716694642559731,46.25049572376276
C_rule_multi_route,한국철도공사 (용역)_[재공고][긴급][협상형]운행정보기록 자동분석시스.hwp,extreme,table_aware,single,table_aware,single,0.8,0.8125900862126226,37.81331077591361,0.6527544645335575,0.3472455354664426,0.0716694642559731,46.25049572376276
A_single_pipeline,한국철도공사 (용역)_모바일오피스 시스템 고도화 용역(총체 및 1차).hwp,central,text_only,single,text_only,single,0.0,-0.15971343940155025,28.0,0.8249137318359602,0.17508626816403985,0.09101035217968478,30.859751586931953
B_rule_single_route,한국철도공사 (용역)_모바일오피스 시스템 고도화 용역(총체 및 1차).hwp,central,text_only,single,text_only,single,0.0,-0.15971343940155025,28.0,0.8249137318359602,0.17508626816403985,0.09101035217968478,33.35975158693196
C_rule_multi_route,한국철도공사 (용역)_모바일오피스 시스템 고도화 용역(총체 및 1차).hwp,central,text_only,single,text_only,single,0.0,-0.15971343940155025,28.0,0.8249137318359602,0.17508626816403985,0.09101035217968478,36.35975158693196
A_single_pipeline,한국철도공사 (용역)_예약발매시스템 개량 ISMP 용역.hwp,central,text+table,multi,text_only,single,0.55,0.31766956106415856,30.859026049577427,0.7797306450494806,0.22026935495051933,0.06893232259406232,30.859751586931953
B_rule_single_route,한국철도공사 (용역)_예약발매시스템 개량 ISMP 용역.hwp,central,text+table,multi,table_aware,single,0.55,0.31766956106415856,33.35902604957743,0.7458495320451086,0.2541504679548913,0.07299805615458696,33.35975158693196
C_rule_multi_route,한국철도공사 (용역)_예약발매시스템 개량 ISMP 용역.hwp,central,text+table,multi,text+table,multi,0.55,0.31766956106415856,36.35902604957743,0.7009021251441738,0.2990978748558261,0.15839174498269912,36.35975158693196
A_single_pipeline,한국한의학연구원_통합정보시스템 고도화 용역.hwp,central,text+table,multi,text_only,single,0.55,0.13588969052340805,29.223007214710673,0.8065425835731901,0.19345741642680991,0.06571488997121719,30.859751586931953
B_rule_single_route,한국한의학연구원_통합정보시스템 고도화 용역.hwp,central,text+table,multi,table_aware,single,0.55,0.13588969052340805,31.723007214710673,0.7755986996765707,0.22440130032342936,0.06942815603881153,33.35975158693196
C_rule_multi_route,한국한의학연구원_통합정보시스템 고도화 용역.hwp,central,text+table,multi,text+table,multi,0.55,0.13588969052340805,34.72300721471067,0.7340364228759279,0.26596357712407215,0.15441562925488866,36.35975158693196
A_single_pipeline,한국해양조사협회_2024년 항해용 간행물 품질관리 업무보조 시스템 구축.hwp,central,text_only,single,text_only,single,0.0,-0.09474165466838314,28.0,0.8249137318359602,0.17508626816403985,0.09101035217968478,30.859751586931953
B_rule_single_route,한국해양조사협회_2024년 항해용 간행물 품질관리 업무보조 시스템 구축.hwp,central,text_only,single,text_only,single,0.0,-0.09474165466838314,28.0,0.8249137318359602,0.17508626816403985,0.09101035217968478,33.35975158693196
C_rule_multi_route,한국해양조사협회_2024년 항해용 간행물 품질관리 업무보조 시스템 구축.hwp,central,text_only,single,text_only,single,0.0,-0.09474165466838314,28.0,0.8249137318359602,0.17508626816403985,0.09101035217968478,36.35975158693196
A_single_pipeline,한영대학_한영대학교 특성화 맞춤형 교육환경 구축 - 트랙운영 학사정보.hwp,central,text+table,multi,text_only,single,0.55,-0.25809242060648874,28.0,0.8249137318359602,0.17508626816403985,0.06351035217968479,30.859751586931953
B_rule_single_route,한영대학_한영대학교 특성화 맞춤형 교육환경 구축 - 트랙운영 학사정보.hwp,central,text+table,multi,table_aware,single,0.55,-0.25809242060648874,30.5,0.796165712800213,0.203834287199787,0.06696011446397443,33.35975158693196
C_rule_multi_route,한영대학_한영대학교 특성화 맞춤형 교육환경 구축 - 트랙운영 학사정보.hwp,central,text+table,multi,text+table,multi,0.55,-0.25809242060648874,33.5,0.7572203403540398,0.2427796596459601,0.15163355915751522,36.35975158693196
A_single_pipeline,고려대학교_차세대 포털·학사 정보시스템 구축사업.pdf,extreme,table_aware,single,text_only,single,0.9,5.022242893358464,73.20018604022619,0.15000000000000002,0.85,0.127,42.80049572376276
B_rule_single_route,고려대학교_차세대 포털·학사 정보시스템 구축사업.pdf,extreme,table_aware,single,table_aware,single,0.9,5.022242893358464,75.70018604022619,0.15000000000000002,0.85,0.127,46.25049572376276
C_rule_multi_route,고려대학교_차세대 포털·학사 정보시스템 구축사업.pdf,extreme,table_aware,single,table_aware,single,0.9,5.022242893358464,75.70018604022619,0.15000000000000002,0.85,0.127,46.25049572376276
A_single_pipeline,기초과학연구원_2025년도 중이온가속기용 극저온시스템 운전 용역.pdf,central,text+image,multi,text_only,single,0.65,-0.3433257460908071,28.0,0.8249137318359602,0.17508626816403985,0.05851035217968478,30.859751586931953
B_rule_single_route,기초과학연구원_2025년도 중이온가속기용 극저온시스템 운전 용역.pdf,central,text+image,multi,image_aware,single,0.65,-0.3433257460908071,31.5,0.7837237376544266,0.2162762623455734,0.06345315148146881,33.35975158693196
C_rule_multi_route,기초과학연구원_2025년도 중이온가속기용 극저온시스템 운전 용역.pdf,central,text+image,multi,text+image,multi,0.65,-0.3433257460908071,34.5,0.7431680086124812,0.25683199138751883,0.14831983896650225,36.35975158693196
A_single_pipeline,서울시립대학교_[사전공개] 학업성취도 다차원 종단분석 통합시스템 1차.pdf,extreme,table_aware,single,text_only,single,0.9,1.0214104672683184,37.19269420541487,0.6526551004064614,0.3473448995935386,0.06668138795122464,42.80049572376276
B_rule_single_route,서울시립대학교_[사전공개] 학업성취도 다차원 종단분석 통합시스템 1차.pdf,extreme,table_aware,single,table_aware,single,0.9,1.0214104672683184,39.69269420541487,0.6090285433644418,0.39097145663555827,0.071916574796267,46.25049572376276
C_rule_multi_route,서울시립대학교_[사전공개] 학업성취도 다차원 종단분석 통합시스템 1차.pdf,extreme,table_aware,single,table_aware,single,0.9,1.0214104672683184,39.69269420541487,0.6090285433644418,0.39097145663555827,0.071916574796267,46.25049572376276
A_single_pipeline,서울특별시_2024년 지도정보 플랫폼 및 전문활용 연계 시스템 고도화 용.pdf,extreme,table_aware,single,text_only,single,0.9,1.1595108432515697,38.43559758926413,0.6239716138462368,0.37602838615376327,0.0701234063384516,42.80049572376276
B_rule_single_route,서울특별시_2024년 지도정보 플랫폼 및 전문활용 연계 시스템 고도화 용.pdf,extreme,table_aware,single,table_aware,single,0.9,1.1595108432515697,40.93559758926413,0.5790659590883027,0.4209340409116973,0.07551208490940367,46.25049572376276
C_rule_multi_route,서울특별시_2024년 지도정보 플랫폼 및 전문활용 연계 시스템 고도화 용.pdf,extreme,table_aware,single,table_aware,single,0.9,1.1595108432515697,40.93559758926413,0.5790659590883027,0.4209340409116973,0.07551208490940367,46.25049572376276
